sex,age,treatment,voted,person_id,hh_size,social_pressure_continuous,social_pressure_categorical,voted2,treatment2
"female",56,"Control","Yes",92333,2,3.209487,3,1,0
"male",,"Control","No",123065,2,3.494793,3,0,0
"female",39,"Control","No",139855,3,.2771714,0,0,0
"male",63,"Control","No",11419,2,2.11881,2,0,0
"male",69,"Control","No",59835,2,.6675178,1,0,0
"female",44,"Control","No",123517,2,2.459721,2,0,0
"male",49,"Control","Yes",92897,4,2.998447,3,1,0
"female",78,"Control","No",106066,2,1.753621,2,0,0
"female",52,"Control","No",105128,2,1.601598,2,0,0
"male",33,"Control","Yes",39255,2,2.366608,2,1,0
"male",78,"Control","Yes",27644,2,2.811103,3,1,0
".",86,"Control","No",109329,1,1.445008,1,0,0
"female",62,"Control","No",73154,2,2.953312,3,0,0
"male",44,"Control","No",131734,2,2.152912,2,0,0
"female",49,"Control","No",22064,2,.5804288,1,0,0
"female",55,"Control","No",125830,4,.9262296,1,0,0
"female",37,"Control","No",30447,2,1.998534,2,0,0
"female",51,"Control","No",112438,2,1.179808,1,0,0
"male",47,"Control","Yes",73229,2,5,5,1,0
"female",,"Control","No",172357,2,1.831625,2,0,0
"female",49,"Control","No",21756,2,1.433139,1,0,0
"female",,"Control","No",171366,2,1.20428,1,0,0
"female",43,"Control","No",64552,3,1.232778,1,0,0
"female",59,"Control","No",175234,2,1.23345,1,0,0
"male",49,"Control","Yes",79348,2,4.308608,4,1,0
"male",54,"Control","No",72228,2,2.675678,3,0,0
"female",30,"Control","Yes",12397,2,4.227895,4,1,0
"male",57,"Control","Yes",168203,2,1.855561,2,1,0
"male",55,"Control","No",148257,2,3.606394,4,0,0
"male",52,"Control","Yes",10880,2,3.978458,4,1,0
".",56,"Control","No",130050,2,2.573869,3,0,0
"male",35,"Control","No",139540,2,1.178683,1,0,0
".",46,"Control","No",167915,2,0,0,0,0
"male",20,"Control","No",2880,3,.7624986,1,0,0
"female",38,"Control","Yes",51578,2,3.617896,4,1,0
"male",54,"Control","No",37869,5,.753954,1,0,0
"male",72,"Control","Yes",78526,2,5,5,1,0
"female",,"Control","No",163345,2,3.051878,3,0,0
"female",53,"Control","No",103985,2,1.360842,1,0,0
"male",42,"Control","No",164850,2,2.337504,2,0,0
"male",53,"Control","Yes",104322,4,2.404146,2,1,0
"male",70,"Control","No",21874,2,2.316715,2,0,0
"female",,"Control","No",132612,2,3.106383,3,0,0
"female",49,"Control","No",93173,2,2.206917,2,0,0
"female",58,"Control","Yes",27407,2,1.976736,2,1,0
".",48,"Control","No",43556,2,1.590091,2,0,0
"male",41,"Control","No",87951,3,1.833765,2,0,0
"male",59,"Control","No",112338,4,1.256561,1,0,0
"female",46,"Control","Yes",25063,2,1.310609,1,1,0
"female",79,"Control","No",131916,1,.4498106,0,0,0
"female",22,"Control","No",57003,3,.1754399,0,0,0
".",72,"Control","Yes",62801,1,3.061264,3,1,0
"female",39,"Control","No",156402,2,1.027701,1,0,0
"male",57,"Control","No",169137,2,1.340346,1,0,0
"female",28,"Control","No",27537,1,2.398607,2,0,0
".",22,"Control","No",33656,2,.9919014,1,0,0
"female",41,"Control","Yes",14530,2,.391957,0,1,0
"female",58,"Control","No",47551,2,0,0,0,0
"male",54,"Control","Yes",112164,2,3.00649,3,1,0
"female",,"Control","No",10100,2,2.189142,2,0,0
"female",,"Control","No",37639,2,2.333157,2,0,0
"male",77,"Control","No",136780,2,2.556337,3,0,0
"female",58,"Control","No",67691,2,4.694196,5,0,0
"male",75,"Control","Yes",160487,2,3.73816,4,1,0
"male",22,"Control","No",86363,3,1.122832,1,0,0
"female",63,"Control","No",74489,2,1.238786,1,0,0
"male",67,"Control","Yes",81715,2,2.991462,3,1,0
".",23,"Control","No",98054,3,1.034814,1,0,0
"female",30,"Control","Yes",155434,2,2.562824,3,1,0
"female",58,"Control","Yes",159265,3,3.430481,3,1,0
"male",44,"Control","No",134167,2,1.370463,1,0,0
"male",54,"Control","No",26521,3,3.515129,4,0,0
"female",42,"Control","No",169801,1,1.227585,1,0,0
"female",33,"Control","No",161322,3,1.757482,2,0,0
"male",79,"Control","No",136816,2,3.318302,3,0,0
"male",24,"Control","No",58757,3,1.630292,2,0,0
"male",,"Control","No",50718,2,3.143847,3,0,0
".",58,"Control","Yes",124964,2,2.548777,3,1,0
"male",46,"Control","Yes",43327,2,4.699816,5,1,0
"female",80,"Control","No",159963,1,2.076613,2,0,0
"male",60,"Control","No",5278,2,0,0,0,0
"male",44,"Control","No",100455,2,3.105137,3,0,0
"female",21,"Control","No",168561,4,3.345932,3,0,0
".",,"Control","No",136565,2,0,0,0,0
".",54,"Control","No",166090,3,2.759871,3,0,0
"female",23,"Control","No",69687,3,2.213254,2,0,0
"female",34,"Control","No",167522,1,3.364271,3,0,0
"female",44,"Control","No",40252,2,2.567867,3,0,0
"male",,"Control","No",89805,2,1.884445,2,0,0
"female",,"Control","Yes",155678,2,2.19463,2,1,0
"male",42,"Control","Yes",37914,2,1.45991,1,1,0
"female",26,"Control","No",76255,2,2.438341,2,0,0
"male",47,"Control","Yes",102254,1,3.886188,4,1,0
"male",32,"Control","No",20754,2,4.39746,4,0,0
"female",49,"Control","Yes",53287,2,2.467992,2,1,0
"male",,"Control","No",132863,1,2.629156,3,0,0
"female",41,"Control","Yes",33696,2,4.144876,4,1,0
"female",47,"Control","No",44286,2,3.062279,3,0,0
"female",47,"Control","Yes",19771,2,2.11168,2,1,0
"female",48,"Control","No",88504,2,3.072353,3,0,0
"male",39,"Control","No",119492,2,2.022904,2,0,0
"male",63,"Control","No",169574,1,2.281952,2,0,0
".",48,"Control","Yes",156729,1,4.079076,4,1,0
"male",67,"Control","Yes",136649,3,2.687165,3,1,0
".",53,"Control","No",43298,2,1.683725,2,0,0
"male",,"Control","Yes",164694,2,2.720128,3,1,0
"female",75,"Control","Yes",57714,2,3.465874,3,1,0
"male",52,"Control","No",148996,3,1.117354,1,0,0
".",,"Control","No",89146,4,1.369597,1,0,0
"female",45,"Control","No",46846,2,1.52411,2,0,0
"male",37,"Control","No",74465,2,2.1984,2,0,0
"male",63,"Control","Yes",72264,3,1.407715,1,1,0
".",30,"Control","Yes",120143,2,3.973353,4,1,0
"male",40,"Control","No",17301,2,2.228503,2,0,0
"male",48,"Control","Yes",42608,3,3.919446,4,1,0
"female",59,"Control","Yes",11158,1,2.911396,3,1,0
"female",45,"Control","No",100340,2,0,0,0,0
"female",59,"Control","Yes",113441,1,5,5,1,0
"female",76,"Control","Yes",58722,2,2.274743,2,1,0
"male",40,"Control","No",145453,2,2.328513,2,0,0
"male",44,"Control","No",96267,2,2.240084,2,0,0
"female",55,"Control","No",49726,3,1.944724,2,0,0
"male",63,"Control","No",177652,4,1.095773,1,0,0
"male",68,"Control","Yes",120099,2,3.952556,4,1,0
"male",22,"Control","No",151544,3,1.101105,1,0,0
"female",36,"Control","No",33557,2,2.249997,2,0,0
"female",64,"Control","No",175555,2,2.360119,2,0,0
"female",44,"Control","Yes",110639,2,2.906375,3,1,0
"female",74,"Control","No",167551,1,.6860963,1,0,0
"male",20,"Control","No",89568,3,4.677049,5,0,0
"female",50,"Control","Yes",13252,3,3.698332,4,1,0
"female",51,"Control","No",24928,3,3.60821,4,0,0
".",61,"Control","No",154764,2,1.594255,2,0,0
"female",59,"Control","No",53726,2,4.29866,4,0,0
"male",22,"Control","No",148946,6,0,0,0,0
"female",43,"Control","No",176501,1,1.071674,1,0,0
"female",41,"Control","No",179292,2,1.530639,2,0,0
"female",35,"Control","No",8049,2,1.580528,2,0,0
"female",66,"Control","Yes",167087,2,5,5,1,0
"male",36,"Control","Yes",141032,2,3.182941,3,1,0
"female",73,"Control","No",121513,2,1.366789,1,0,0
".",78,"Control","No",1740,1,2.296373,2,0,0
"male",43,"Control","No",163798,2,3.399518,3,0,0
"male",40,"Control","No",39634,2,2.44265,2,0,0
"male",,"Control","No",141645,2,1.81992,2,0,0
"male",38,"Control","Yes",159366,2,4.933378,5,1,0
"female",62,"Control","Yes",175612,2,2.667143,3,1,0
"male",23,"Control","Yes",41848,3,2.594266,3,1,0
"female",41,"Control","No",78651,2,.5262935,1,0,0
"female",29,"Control","No",88344,4,2.379066,2,0,0
"male",54,"Control","No",134355,2,3.276254,3,0,0
".",20,"Control","No",35861,3,3.225087,3,0,0
"female",53,"Control","No",138123,2,.3165047,0,0,0
"male",47,"Control","Yes",146615,2,4.024793,4,1,0
".",,"Control","Yes",42742,1,3.80858,4,1,0
"male",48,"Control","No",117073,1,1.136964,1,0,0
"male",80,"Control","Yes",22145,1,4.744438,5,1,0
"female",49,"Control","Yes",126618,3,3.499534,3,1,0
"male",43,"Control","Yes",20256,2,1.795285,2,1,0
"male",67,"Control","Yes",95391,2,2.282338,2,1,0
"male",49,"Control","No",142515,2,2.910112,3,0,0
"male",60,"Control","No",144460,2,.8315439,1,0,0
".",62,"Control","No",161961,2,1.018738,1,0,0
"female",38,"Control","No",49431,2,1.601814,2,0,0
"female",46,"Control","Yes",41765,2,1.781572,2,1,0
".",43,"Control","No",164428,3,4.140139,4,0,0
"female",35,"Control","No",45533,2,1.65578,2,0,0
"female",21,"Control","No",81519,3,.7013721,1,0,0
"female",29,"Control","No",103156,3,2.635617,3,0,0
"male",32,"Control","No",84570,2,.070579,0,0,0
"female",28,"Control","No",50576,2,1.408149,1,0,0
"female",27,"Control","No",160263,3,1.456932,1,0,0
"male",45,"Control","No",90861,2,3.913347,4,0,0
"female",,"Control","No",108632,2,2.550802,3,0,0
"male",64,"Control","Yes",80624,2,2.962726,3,1,0
".",46,"Control","No",104100,2,3.027722,3,0,0
"male",75,"Control","No",142769,2,1.562619,2,0,0
"male",45,"Control","No",143369,2,2.979919,3,0,0
"male",24,"Control","No",13815,3,2.637459,3,0,0
"female",63,"Control","Yes",38121,2,4.420414,4,1,0
"male",49,"Control","No",90199,1,2.084392,2,0,0
"female",46,"Control","No",26153,3,2.701073,3,0,0
"male",,"Control","Yes",8362,3,5,5,1,0
"female",37,"Control","No",18518,2,4.490571,4,0,0
"female",35,"Control","Yes",116305,2,3.009284,3,1,0
"male",52,"Control","Yes",109204,3,3.254229,3,1,0
"male",46,"Control","No",136069,2,1.403878,1,0,0
"male",45,"Control","Yes",28763,3,4.375276,4,1,0
"male",43,"Control","Yes",153383,2,1.364541,1,1,0
"female",55,"Control","No",30992,3,1.301293,1,0,0
"female",40,"Control","No",131355,2,1.189658,1,0,0
".",,"Control","No",38635,2,3.176543,3,0,0
"male",58,"Control","No",71575,2,2.130376,2,0,0
"female",41,"Control","No",131696,2,1.923048,2,0,0
"male",41,"Control","No",129790,2,3.90602,4,0,0
"male",62,"Control","No",64258,2,1.122522,1,0,0
"female",47,"Control","No",50478,2,3.038217,3,0,0
".",28,"Control","Yes",71165,3,2.63389,3,1,0
"male",58,"Control","No",38590,2,1.301756,1,0,0
"female",52,"Control","No",21868,5,2.047704,2,0,0
"male",23,"Control","No",240,5,2.892194,3,0,0
"male",69,"Control","No",116341,1,2.279938,2,0,0
"male",47,"Control","No",20497,2,1.317552,1,0,0
"male",31,"Control","Yes",70073,1,3.929656,4,1,0
"female",63,"Control","Yes",66729,2,4.669138,5,1,0
"female",45,"Control","No",61563,3,1.059948,1,0,0
"male",47,"Control","No",35971,1,4.232495,4,0,0
"female",53,"Control","No",122732,3,1.781178,2,0,0
"female",38,"Control","No",166105,2,4.008455,4,0,0
"male",53,"Control","No",160637,3,2.672753,3,0,0
"male",68,"Control","No",4233,3,3.627738,4,0,0
"female",27,"Control","No",119247,4,4.543678,5,0,0
"male",,"Control","No",57345,2,.9623622,1,0,0
"female",44,"Control","No",30399,2,2.795885,3,0,0
"female",39,"Control","Yes",39305,2,2.238343,2,1,0
"male",62,"Control","Yes",166961,1,3.059098,3,1,0
"female",,"Control","No",119731,2,2.975583,3,0,0
"female",54,"Control","No",170793,2,.5205603,1,0,0
"male",56,"Control","No",39937,3,1.768511,2,0,0
"female",59,"Control","Yes",139190,3,5,5,1,0
"male",44,"Control","No",38581,2,2.26069,2,0,0
"female",69,"Control","Yes",81872,1,4.476109,4,1,0
"male",29,"Control","No",71182,2,2.5962,3,0,0
"male",50,"Control","No",143742,2,1.450306,1,0,0
"female",73,"Control","Yes",156116,1,4.112044,4,1,0
"female",49,"Control","No",166528,2,1.379593,1,0,0
"male",60,"Control","No",71318,2,1.081977,1,0,0
"male",64,"Control","No",92223,1,2.073181,2,0,0
"male",58,"Control","No",110424,2,.9052253,1,0,0
"female",,"Control","No",95377,5,.9118366,1,0,0
"female",49,"Control","No",117903,2,3.059555,3,0,0
"female",79,"Control","No",118234,2,1.879929,2,0,0
"female",22,"Control","Yes",133686,3,3.506025,4,1,0
"female",42,"Control","Yes",90075,2,3.708318,4,1,0
".",68,"Control","No",38814,2,1.266747,1,0,0
"female",48,"Control","No",159699,2,1.07909,1,0,0
".",62,"Control","Yes",153320,2,2.362396,2,1,0
"female",47,"Control","No",26247,2,.8954766,1,0,0
"female",74,"Control","No",179063,1,.9667502,1,0,0
"male",42,"Control","No",7272,2,1.019116,1,0,0
"male",81,"Control","No",36853,1,.3425766,0,0,0
"male",39,"Control","Yes",82935,2,2.407448,2,1,0
"male",,"Control","Yes",36663,1,3.463079,3,1,0
"male",58,"Control","No",177189,3,1.261655,1,0,0
"male",46,"Control","No",50147,2,.7451107,1,0,0
"female",48,"Control","No",143652,2,0,0,0,0
"male",49,"Control","Yes",129638,2,1.135787,1,1,0
".",,"Control","No",51077,2,4.534241,5,0,0
".",25,"Control","No",24367,4,1.502009,2,0,0
"female",45,"Control","No",102869,3,1.14233,1,0,0
"male",75,"Control","No",140009,2,1.196859,1,0,0
"male",41,"Control","No",38133,2,1.92991,2,0,0
".",55,"Control","Yes",22143,1,3.659688,4,1,0
"male",36,"Control","Yes",134996,1,3.093821,3,1,0
"male",45,"Control","Yes",87278,1,3.906272,4,1,0
"male",,"Control","Yes",106534,1,3.491878,3,1,0
".",60,"Control","No",42126,2,3.43875,3,0,0
"male",64,"Control","No",101656,2,1.798843,2,0,0
"female",25,"Control","No",157667,4,1.884401,2,0,0
"male",34,"Control","Yes",134180,2,3.963515,4,1,0
"female",23,"Control","No",132910,4,.2834802,0,0,0
"male",61,"Control","No",612,2,4.35936,4,0,0
"female",,"Control","No",12013,2,1.821367,2,0,0
"female",47,"Control","No",44752,2,.4438784,0,0,0
"male",53,"Control","No",29350,2,3.201183,3,0,0
"female",49,"Control","No",222,2,.7965524,1,0,0
"female",77,"Control","No",168389,3,3.078042,3,0,0
"female",62,"Control","No",127741,2,2.377998,2,0,0
"female",50,"Control","No",21926,2,2.362768,2,0,0
"female",,"Control","Yes",142176,2,.883993,1,1,0
"male",33,"Control","Yes",156779,2,3.408418,3,1,0
"female",50,"Control","Yes",76349,2,4.240905,4,1,0
"female",81,"Control","No",170071,2,0,0,0,0
"female",53,"Control","No",118291,2,1.75625,2,0,0
"male",44,"Control","Yes",125261,2,3.652811,4,1,0
"female",41,"Control","Yes",154644,4,1.87606,2,1,0
"female",41,"Control","No",100292,2,2.864763,3,0,0
"female",48,"Control","No",43511,2,2.401839,2,0,0
"female",68,"Control","No",151449,2,3.316479,3,0,0
"male",44,"Control","Yes",409,1,2.842804,3,1,0
"female",45,"Control","No",100522,1,.5918052,1,0,0
".",74,"Control","No",97347,2,1.081317,1,0,0
".",50,"Control","Yes",2200,3,2.419002,2,1,0
"male",44,"Control","Yes",70903,2,2.54403,3,1,0
"female",21,"Control","No",163826,3,1.347338,1,0,0
"female",43,"Control","Yes",59524,3,1.244089,1,1,0
"female",40,"Control","Yes",43130,2,2.876157,3,1,0
"female",,"Control","No",124280,2,1.311757,1,0,0
"female",,"Control","No",55723,2,.8935006,1,0,0
"male",58,"Control","No",167502,1,1.432981,1,0,0
"male",54,"Control","Yes",25274,2,4.646032,5,1,0
"female",55,"Control","Yes",110806,2,4.45671,4,1,0
".",63,"Control","No",54046,1,.9817371,1,0,0
"female",29,"Control","No",118972,1,2.947973,3,0,0
"female",74,"Control","No",83544,2,2.613872,3,0,0
"female",22,"Control","No",31867,3,1.702317,2,0,0
"female",53,"Control","No",9933,1,1.124837,1,0,0
"female",56,"Control","No",124233,5,0,0,0,0
"female",67,"Control","No",106783,1,.4503009,0,0,0
"male",47,"Control","Yes",55563,2,4.283072,4,1,0
"female",63,"Control","Yes",146157,1,3.581582,4,1,0
"male",82,"Control","Yes",2603,1,3.265508,3,1,0
"male",55,"Control","No",174243,2,1.912268,2,0,0
"female",60,"Control","No",157142,2,3.620992,4,0,0
"female",,"Control","No",113648,2,1.287708,1,0,0
".",43,"Control","Yes",39047,1,4.32569,4,1,0
"female",40,"Control","Yes",42697,2,5,5,1,0
"female",36,"Control","No",10271,2,3.070681,3,0,0
"male",68,"Control","No",96272,2,1.019933,1,0,0
"male",,"Control","No",150676,2,1.713733,2,0,0
".",,"Control","No",20305,4,2.484243,2,0,0
"female",24,"Control","No",20367,3,1.433364,1,0,0
"male",50,"Control","No",1915,2,1.487478,1,0,0
"male",62,"Control","Yes",132699,2,2.929977,3,1,0
"female",48,"Control","No",151752,3,2.129314,2,0,0
"female",59,"Control","No",140078,3,4.259623,4,0,0
"female",55,"Control","No",10127,1,2.831844,3,0,0
"male",31,"Control","No",6351,3,2.156574,2,0,0
"female",36,"Control","Yes",147063,2,3.116644,3,1,0
"female",85,"Control","Yes",178560,1,2.570647,3,1,0
"male",55,"Control","No",7504,2,4.5372,5,0,0
"female",56,"Control","Yes",86166,3,4.244255,4,1,0
".",62,"Control","No",135713,1,1.667995,2,0,0
"male",63,"Control","No",84857,2,3.726817,4,0,0
"female",66,"Control","No",141262,2,2.898817,3,0,0
"male",55,"Control","No",124709,2,2.005076,2,0,0
"female",23,"Control","No",145761,4,.5297403,1,0,0
"male",63,"Control","Yes",120572,2,2.389029,2,1,0
".",46,"Control","No",86919,5,1.176423,1,0,0
".",55,"Control","No",106350,1,3.086975,3,0,0
"male",51,"Control","No",124837,3,.330199,0,0,0
"female",63,"Control","No",150943,2,1.420245,1,0,0
"male",53,"Control","No",114185,2,1.346705,1,0,0
"female",40,"Control","No",175751,1,2.147764,2,0,0
".",59,"Control","No",61709,3,1.010311,1,0,0
"male",56,"Control","Yes",19050,1,3.136136,3,1,0
"male",21,"Control","Yes",59556,3,3.195467,3,1,0
"female",40,"Control","No",20176,2,.0999564,0,0,0
"female",78,"Control","No",103013,2,2.475992,2,0,0
"male",56,"Control","Yes",55907,4,2.760956,3,1,0
"male",36,"Control","No",164828,2,2.860292,3,0,0
"female",42,"Control","Yes",66640,2,1.907895,2,1,0
"male",46,"Control","Yes",112461,1,4.370146,4,1,0
"female",56,"Control","No",3795,2,2.812035,3,0,0
"female",74,"Control","No",62213,2,1.398837,1,0,0
"female",59,"Control","Yes",87565,2,5,5,1,0
"male",42,"Control","No",124010,2,1.445808,1,0,0
"female",63,"Control","No",33942,2,2.105811,2,0,0
"female",43,"Control","No",171997,2,.5895578,1,0,0
"male",45,"Control","No",161608,2,1.81074,2,0,0
"female",56,"Control","Yes",165896,4,3.767228,4,1,0
"male",42,"Control","No",93891,1,1.970359,2,0,0
"female",22,"Control","Yes",97868,2,2.080628,2,1,0
"female",42,"Control","No",9878,2,.4352339,0,0,0
"female",49,"Control","No",120231,2,.3612829,0,0,0
"female",38,"Control","No",83782,2,1.296225,1,0,0
"female",62,"Control","No",13136,1,.8407267,1,0,0
"male",49,"Control","No",1986,2,3.081757,3,0,0
"female",31,"Control","No",79748,3,3.091187,3,0,0
"male",48,"Control","Yes",88193,3,1.499217,1,1,0
"male",41,"Control","Yes",106975,1,2.403283,2,1,0
"female",40,"Control","No",111753,2,2.160843,2,0,0
"female",78,"Control","No",78030,1,2.814168,3,0,0
"male",69,"Control","No",59001,2,4.011878,4,0,0
"female",49,"Control","No",32539,2,3.124222,3,0,0
"male",52,"Control","No",20103,2,2.408142,2,0,0
"female",47,"Control","Yes",54015,2,1.924509,2,1,0
"male",56,"Control","No",112781,2,4.006055,4,0,0
"male",22,"Control","No",21385,2,1.169381,1,0,0
"female",32,"Control","No",173372,1,2.506373,3,0,0
"male",54,"Control","Yes",133310,5,3.557561,4,1,0
"male",43,"Control","No",159717,1,4.033696,4,0,0
"female",63,"Control","No",101954,2,3.478612,3,0,0
"female",21,"Control","Yes",63952,4,2.513564,3,1,0
"male",38,"Control","Yes",50676,2,3.153176,3,1,0
"female",,"Control","No",92432,3,2.56678,3,0,0
"male",51,"Control","Yes",177327,2,2.815996,3,1,0
"female",37,"Control","Yes",139102,2,3.430485,3,1,0
"female",49,"Control","No",3407,2,2.628414,3,0,0
"male",47,"Control","Yes",60613,2,3.099972,3,1,0
"male",49,"Control","No",97809,4,3.260176,3,0,0
"female",66,"Control","Yes",96198,2,2.517968,3,1,0
"female",66,"Control","Yes",78736,2,3.277096,3,1,0
"male",47,"Control","No",29115,3,3.855515,4,0,0
"female",93,"Control","Yes",96553,2,1.427167,1,1,0
"female",30,"Control","Yes",58422,1,4.393678,4,1,0
"female",76,"Control","No",119924,1,3.049514,3,0,0
".",60,"Control","No",131887,1,5,5,0,0
"female",42,"Control","No",27329,2,1.319092,1,0,0
"female",27,"Control","No",176820,2,3.883857,4,0,0
".",40,"Control","No",157132,2,4.542658,5,0,0
"male",,"Control","No",79647,2,4.11696,4,0,0
"female",40,"Control","No",141890,2,.7351506,1,0,0
"male",62,"Control","No",72178,2,1.677872,2,0,0
"female",43,"Control","No",61193,2,4.082964,4,0,0
"female",45,"Control","No",161320,1,2.508706,3,0,0
"female",44,"Control","No",89525,2,2.860308,3,0,0
"male",49,"Control","No",63350,2,1.763071,2,0,0
"male",34,"Control","No",106582,2,1.921403,2,0,0
"male",46,"Control","No",146867,3,1.021063,1,0,0
"male",38,"Control","No",68179,2,.7518352,1,0,0
"female",74,"Control","No",163800,1,2.714142,3,0,0
"male",58,"Control","No",97341,3,3.377332,3,0,0
"female",64,"Control","No",53454,2,2.948107,3,0,0
"female",31,"Control","No",60339,3,2.943533,3,0,0
"male",38,"Control","No",9911,2,3.141594,3,0,0
"male",61,"Control","Yes",3690,2,3.760987,4,1,0
"female",68,"Control","Yes",19864,2,3.457813,3,1,0
"female",57,"Control","Yes",11065,2,5,5,1,0
"female",,"Control","Yes",63523,2,2.455098,2,1,0
".",62,"Control","No",25732,2,1.634121,2,0,0
"female",43,"Control","No",54412,1,3.129768,3,0,0
".",38,"Control","Yes",179943,2,4.72666,5,1,0
"male",45,"Control","No",90168,2,1.039379,1,0,0
"female",70,"Control","Yes",117701,1,2.370238,2,1,0
"female",45,"Control","Yes",3839,2,4.44066,4,1,0
"male",49,"Control","No",82821,2,.9221232,1,0,0
"female",66,"Control","Yes",81021,2,1.960879,2,1,0
"male",40,"Control","No",4781,2,.2167834,0,0,0
"female",25,"Control","No",150536,3,1.371358,1,0,0
"female",37,"Control","No",165329,2,3.637868,4,0,0
".",,"Control","No",23053,2,4.421412,4,0,0
"male",63,"Control","No",117440,2,.8874125,1,0,0
"male",50,"Control","No",93306,2,2.765566,3,0,0
"male",,"Control","No",105683,2,1.809548,2,0,0
"male",,"Control","No",126755,3,3.8085,4,0,0
"female",32,"Control","No",2133,2,2.409807,2,0,0
"male",23,"Control","No",2580,4,4.251123,4,0,0
"male",33,"Control","No",31526,2,1.31346,1,0,0
"male",38,"Control","Yes",157165,2,1.854006,2,1,0
"male",48,"Control","No",38106,2,2.432116,2,0,0
".",52,"Control","No",5892,2,2.248779,2,0,0
"male",88,"Control","Yes",165976,1,3.36721,3,1,0
"female",59,"Control","Yes",65660,2,2.660831,3,1,0
"female",53,"Control","No",91970,4,.8894579,1,0,0
"male",61,"Control","No",62857,2,1.104978,1,0,0
"male",70,"Control","Yes",179981,1,1.428089,1,1,0
"female",58,"Control","No",7367,2,2.401212,2,0,0
"female",57,"Control","Yes",19416,2,2.481109,2,1,0
"female",,"Control","Yes",5777,2,2.55837,3,1,0
"female",35,"Control","Yes",78133,1,3.872432,4,1,0
"male",58,"Control","No",45954,3,2.462839,2,0,0
"female",,"Control","No",26073,2,1.190896,1,0,0
".",71,"Control","No",133331,2,1.228877,1,0,0
"male",22,"Control","No",26841,3,3.720574,4,0,0
"male",20,"Control","No",103609,3,.431172,0,0,0
"male",,"Control","Yes",158346,4,2.729438,3,1,0
"male",60,"Control","Yes",101634,2,1.777281,2,1,0
"female",52,"Control","No",164706,2,1.158249,1,0,0
"male",43,"Control","No",53152,2,.6918913,1,0,0
"male",53,"Control","No",174276,2,3.828493,4,0,0
"male",44,"Control","Yes",170381,1,5,5,1,0
"female",50,"Control","Yes",42894,3,4.481896,4,1,0
"male",53,"Control","Yes",28318,3,2.532516,3,1,0
"female",30,"Control","No",32696,3,0,0,0,0
"male",75,"Control","No",25477,2,2.385325,2,0,0
"female",26,"Control","No",18309,2,3.164584,3,0,0
".",22,"Control","Yes",172424,4,2.678285,3,1,0
"male",,"Control","No",55259,2,2.533937,3,0,0
"female",61,"Control","Yes",141076,1,4.069344,4,1,0
"female",58,"Control","No",154707,4,2.616111,3,0,0
"female",46,"Control","No",55423,2,3.00703,3,0,0
"female",47,"Control","Yes",49149,2,2.299434,2,1,0
"female",,"Control","No",126103,2,1.203532,1,0,0
"female",,"Control","No",2866,3,2.631325,3,0,0
"male",21,"Control","No",90466,3,2.994052,3,0,0
"female",49,"Control","No",39897,2,4.014106,4,0,0
"female",47,"Control","No",1580,2,1.181103,1,0,0
"female",42,"Control","No",131564,2,3.550743,4,0,0
"male",25,"Control","No",126618,3,1.940252,2,0,0
"female",67,"Control","No",123086,2,.552281,1,0,0
"female",52,"Control","No",6110,1,1.74609,2,0,0
"male",40,"Control","No",110446,2,3.209602,3,0,0
"male",75,"Control","No",178086,2,3.094541,3,0,0
"male",45,"Control","No",152567,1,.8504611,1,0,0
"female",32,"Control","No",6807,2,2.869089,3,0,0
"female",67,"Control","Yes",69368,2,5,5,1,0
"male",43,"Control","No",88887,3,2.3353,2,0,0
"female",54,"Control","No",76552,3,3.615431,4,0,0
"male",64,"Control","Yes",168516,2,3.520172,4,1,0
".",51,"Control","No",114840,3,2.353696,2,0,0
"male",38,"Control","No",117405,1,3.345907,3,0,0
"male",,"Control","No",154047,2,2.70714,3,0,0
"male",71,"Control","No",176163,2,.2357248,0,0,0
"male",59,"Control","Yes",90088,1,1.762609,2,1,0
"male",46,"Control","No",45950,5,1.001356,1,0,0
".",49,"Control","Yes",27194,2,5,5,1,0
"female",37,"Control","No",97141,2,2.035908,2,0,0
".",61,"Control","Yes",154439,2,1.56453,2,1,0
".",,"Control","Yes",105323,2,2.036794,2,1,0
".",61,"Control","Yes",14943,1,4.141436,4,1,0
"male",,"Control","No",28389,3,1.72027,2,0,0
"male",,"Control","No",156408,2,.8573068,1,0,0
"female",,"Control","Yes",86289,2,1.253566,1,1,0
"male",49,"Control","No",80504,2,0,0,0,0
"male",27,"Control","No",176954,3,1.668882,2,0,0
"male",58,"Control","No",81383,2,1.918937,2,0,0
"female",23,"Control","No",145330,4,2.180501,2,0,0
"female",23,"Control","No",123703,3,3.151614,3,0,0
"male",82,"Control","Yes",153075,2,4.054494,4,1,0
"male",64,"Control","Yes",3037,2,4.442896,4,1,0
"female",55,"Control","No",42897,3,3.059498,3,0,0
"male",62,"Control","Yes",9176,4,2.27185,2,1,0
"male",42,"Control","No",145284,2,1.215374,1,0,0
"male",76,"Control","No",153555,2,2.085498,2,0,0
"male",43,"Control","No",135194,2,1.81857,2,0,0
"male",37,"Control","No",175680,2,.8283284,1,0,0
"male",60,"Control","No",53592,2,2.135583,2,0,0
"female",44,"Control","Yes",178114,2,5,5,1,0
"male",63,"Control","No",176092,2,1.594513,2,0,0
"female",43,"Control","No",84133,1,1.257472,1,0,0
".",64,"Control","No",71347,2,3.69918,4,0,0
"female",71,"Control","Yes",80223,1,4.138685,4,1,0
"male",37,"Control","No",15826,2,1.239528,1,0,0
".",58,"Control","No",171544,2,2.784244,3,0,0
"female",54,"Control","No",115788,3,1.429668,1,0,0
"male",38,"Control","Yes",129974,2,1.986854,2,1,0
"female",45,"Control","Yes",150603,2,3.431875,3,1,0
".",50,"Control","No",148337,2,0,0,0,0
"male",55,"Control","No",19518,5,2.719372,3,0,0
"female",44,"Control","No",28801,2,2.161791,2,0,0
"female",50,"Control","Yes",86603,2,2.555334,3,1,0
"male",50,"Control","Yes",31325,3,2.87603,3,1,0
"female",79,"Control","No",71645,2,3.240916,3,0,0
"male",44,"Control","No",112817,2,1.516295,2,0,0
"female",26,"Control","No",114992,2,1.145559,1,0,0
"female",67,"Control","Yes",139089,2,.9683415,1,1,0
"male",52,"Control","No",79256,2,2.621459,3,0,0
"male",40,"Control","No",114698,3,1.68296,2,0,0
".",41,"Control","No",168873,3,1.091906,1,0,0
"female",58,"Control","No",150480,2,1.845561,2,0,0
".",50,"Control","No",90321,2,0,0,0,0
"male",61,"Control","No",55365,3,1.643233,2,0,0
"male",,"Control","No",81688,1,3.211648,3,0,0
"male",46,"Control","Yes",23832,2,3.797015,4,1,0
"male",48,"Control","No",10560,2,3.835918,4,0,0
"female",22,"Control","Yes",20681,5,4.488039,4,1,0
"male",65,"Control","Yes",153584,1,3.853366,4,1,0
".",54,"Control","Yes",113811,2,5,5,1,0
"male",45,"Control","Yes",108126,2,3.366233,3,1,0
"female",,"Control","No",129496,2,1.846269,2,0,0
"male",46,"Control","No",2486,2,1.113605,1,0,0
"female",44,"Control","No",56956,2,1.125517,1,0,0
"female",57,"Control","No",33575,2,1.148873,1,0,0
"male",66,"Control","Yes",15621,2,3.409568,3,1,0
".",56,"Control","Yes",71496,2,2.956289,3,1,0
".",83,"Control","Yes",1852,1,1.224285,1,1,0
"female",55,"Control","No",101076,2,1.526323,2,0,0
"female",60,"Control","Yes",159847,2,3.330637,3,1,0
"male",52,"Control","Yes",69533,2,2.351559,2,1,0
"male",61,"Control","Yes",105630,1,2.104269,2,1,0
"male",53,"Control","No",38393,3,2.224239,2,0,0
"male",56,"Control","Yes",120374,2,2.263752,2,1,0
"female",20,"Control","No",126919,2,2.867748,3,0,0
"male",73,"Control","No",71358,2,0,0,0,0
"female",47,"Control","Yes",15866,2,3.730191,4,1,0
"male",24,"Control","No",46077,4,2.312492,2,0,0
"female",23,"Control","No",67107,4,.7670692,1,0,0
"male",62,"Control","No",68601,2,0,0,0,0
"male",63,"Control","No",12309,2,1.245269,1,0,0
"female",57,"Control","No",169332,1,1.517495,2,0,0
"male",44,"Control","No",104422,3,.7862438,1,0,0
"male",51,"Control","Yes",49355,2,2.215408,2,1,0
"male",57,"Control","No",10318,2,.2480769,0,0,0
"female",50,"Control","No",140211,2,2.549477,3,0,0
"male",42,"Control","No",56083,3,2.425239,2,0,0
"female",,"Control","No",115966,3,1.077994,1,0,0
"female",,"Control","Yes",17894,4,2.390727,2,1,0
"female",57,"Control","No",74819,2,4.055282,4,0,0
"male",44,"Control","No",58170,2,3.353058,3,0,0
"male",68,"Control","Yes",111269,1,2.995089,3,1,0
"female",49,"Control","Yes",138235,1,1.259575,1,1,0
"female",23,"Control","No",53033,3,2.50855,3,0,0
"female",51,"Control","No",173691,2,3.955288,4,0,0
"female",60,"Control","No",106052,2,2.365028,2,0,0
"male",51,"Control","No",75528,2,.0348142,0,0,0
".",31,"Control","No",90498,2,2.656243,3,0,0
"female",53,"Control","No",66981,1,1.979477,2,0,0
"female",41,"Control","No",100402,2,.9951133,1,0,0
"male",51,"Control","No",38905,2,1.445298,1,0,0
"male",66,"Control","No",103175,2,.6308298,1,0,0
"male",60,"Control","Yes",78178,3,1.888572,2,1,0
"female",53,"Control","No",7739,2,4.538194,5,0,0
"male",52,"Control","No",70354,3,0,0,0,0
"male",44,"Control","No",138191,2,2.561622,3,0,0
"male",78,"Control","No",121968,2,2.327268,2,0,0
"male",54,"Control","No",18567,2,2.675138,3,0,0
"male",64,"Control","No",75824,2,2.944949,3,0,0
"female",41,"Control","No",53528,2,2.403098,2,0,0
"female",21,"Control","No",129302,4,3.282779,3,0,0
"male",,"Control","Yes",55363,2,3.986277,4,1,0
"female",75,"Control","No",57778,2,1.702179,2,0,0
"male",78,"Control","Yes",107461,1,4.035119,4,1,0
"female",59,"Control","No",6242,2,2.648832,3,0,0
"female",39,"Control","Yes",11202,2,3.275433,3,1,0
".",46,"Control","No",136319,2,1.451886,1,0,0
"female",45,"Control","No",149667,4,2.4414,2,0,0
"male",20,"Control","No",148256,4,1.497856,1,0,0
"male",63,"Control","Yes",31311,2,.774454,1,1,0
".",29,"Control","Yes",170012,2,5,5,1,0
"female",52,"Control","No",84807,2,0,0,0,0
"male",63,"Control","Yes",7662,2,4.941769,5,1,0
"male",48,"Control","No",157483,2,2.387393,2,0,0
"male",39,"Control","No",176830,1,1.630646,2,0,0
"female",21,"Control","No",119643,2,1.196387,1,0,0
"male",,"Control","No",158626,2,1.109408,1,0,0
"female",45,"Control","No",166696,2,3.084962,3,0,0
"male",60,"Control","No",86826,2,1.246845,1,0,0
"male",46,"Control","No",117443,2,3.308168,3,0,0
"female",62,"Control","No",92315,1,0,0,0,0
".",63,"Control","No",89309,2,2.013964,2,0,0
"male",45,"Control","No",14283,2,.5697144,1,0,0
"female",64,"Control","No",168077,1,.8954745,1,0,0
"male",46,"Control","No",138901,2,1.468208,1,0,0
"female",39,"Control","No",119005,2,4.161047,4,0,0
"female",35,"Control","No",10437,3,.5956024,1,0,0
"male",55,"Control","No",69624,2,2.762983,3,0,0
"female",52,"Control","No",171534,2,1.573386,2,0,0
".",23,"Control","No",131527,3,2.405708,2,0,0
"female",33,"Control","Yes",101062,2,1.984982,2,1,0
"male",55,"Control","Yes",11024,2,2.246663,2,1,0
"male",46,"Control","No",36462,2,2.568757,3,0,0
"male",61,"Control","No",24569,2,2.291128,2,0,0
"male",72,"Control","No",82983,3,1.84183,2,0,0
"female",21,"Control","No",134291,4,1.812456,2,0,0
"male",43,"Control","Yes",1802,3,2.84432,3,1,0
"male",66,"Control","Yes",169592,2,2.742504,3,1,0
"female",66,"Control","Yes",5689,3,.365166,0,1,0
"female",,"Control","No",152701,2,.7159752,1,0,0
"female",,"Control","Yes",158816,2,5,5,1,0
"male",,"Control","No",77225,4,2.169391,2,0,0
"male",34,"Control","Yes",67463,2,0,0,1,0
"male",48,"Control","No",116480,2,3.502934,4,0,0
"male",,"Control","No",135810,3,1.059873,1,0,0
"female",60,"Control","Yes",75510,2,3.543465,4,1,0
"male",57,"Control","No",24760,2,1.26505,1,0,0
"female",68,"Control","No",150764,2,1.920774,2,0,0
"male",,"Control","No",32812,3,1.96822,2,0,0
"female",24,"Control","No",112644,4,2.572299,3,0,0
"male",38,"Control","No",4091,1,1.220032,1,0,0
"female",44,"Control","No",54826,1,2.377126,2,0,0
"male",,"Control","No",95270,3,1.821577,2,0,0
".",44,"Control","No",165762,2,1.874493,2,0,0
"male",43,"Control","Yes",41228,2,2.176574,2,1,0
"male",44,"Control","Yes",133368,4,2.2108,2,1,0
"female",,"Control","No",31870,2,4.735079,5,0,0
"male",31,"Control","No",47486,3,4.343597,4,0,0
"male",73,"Control","No",122659,2,2.078267,2,0,0
"female",44,"Control","No",143244,2,3.357629,3,0,0
"female",44,"Control","No",123629,2,1.476364,1,0,0
"male",22,"Control","Yes",54706,5,4.667457,5,1,0
"male",48,"Control","No",27041,2,3.829276,4,0,0
"male",42,"Control","No",131045,2,2.689859,3,0,0
"female",56,"Control","Yes",165705,2,4.002398,4,1,0
"male",64,"Control","No",156909,2,2.845084,3,0,0
"male",63,"Control","No",139046,2,2.53833,3,0,0
"female",40,"Control","No",146629,2,2.657015,3,0,0
"female",32,"Control","No",110072,2,2.248107,2,0,0
"male",42,"Control","No",7315,2,2.242676,2,0,0
"female",49,"Control","Yes",25078,2,4.781006,5,1,0
"male",,"Control","Yes",41972,2,2.813777,3,1,0
"male",59,"Control","No",7519,3,3.326084,3,0,0
"male",55,"Control","Yes",119603,1,2.130311,2,1,0
"female",47,"Control","Yes",81234,2,2.02719,2,1,0
"male",56,"Control","Yes",138958,2,4.511628,5,1,0
"female",71,"Control","No",7438,2,.892738,1,0,0
"male",59,"Control","No",30565,2,2.020186,2,0,0
"male",79,"Control","Yes",63440,1,1.008858,1,1,0
".",74,"Control","Yes",71366,2,3.123116,3,1,0
"male",24,"Control","No",133542,4,3.46932,3,0,0
"male",41,"Control","No",53694,2,3.743273,4,0,0
"female",52,"Control","No",77939,2,1.692829,2,0,0
"male",23,"Control","No",63367,3,3.147803,3,0,0
"male",64,"Control","No",157854,3,2.55779,3,0,0
"female",20,"Control","No",59323,4,1.811748,2,0,0
"female",49,"Control","Yes",8087,2,2.51152,3,1,0
"female",52,"Control","Yes",109204,3,2.433538,2,1,0
"female",47,"Control","No",128436,3,3.413843,3,0,0
"female",51,"Control","Yes",173518,1,1.523017,2,1,0
".",53,"Control","Yes",101299,2,3.91074,4,1,0
"male",,"Control","No",104578,4,1.873096,2,0,0
".",69,"Control","No",68188,3,.1767442,0,0,0
"female",88,"Control","No",172136,2,1.142454,1,0,0
"male",36,"Control","Yes",147446,1,3.614763,4,1,0
"female",,"Control","No",92937,2,.4634479,0,0,0
"female",81,"Control","No",47007,4,0,0,0,0
"female",79,"Control","No",66013,1,3.773765,4,0,0
".",43,"Control","No",72897,2,1.970659,2,0,0
"female",63,"Control","Yes",153597,2,5,5,1,0
"male",46,"Control","No",6930,2,2.077187,2,0,0
"male",27,"Control","Yes",1889,2,2.111776,2,1,0
"male",53,"Control","No",92501,3,3.448846,3,0,0
"female",21,"Control","No",155961,3,1.535355,2,0,0
"male",58,"Control","No",126211,2,2.869386,3,0,0
"female",79,"Control","No",80958,2,2.119282,2,0,0
"male",59,"Control","No",84903,2,.9645776,1,0,0
"male",72,"Control","No",153475,2,.7346647,1,0,0
"male",68,"Control","Yes",96658,2,1.133119,1,1,0
"male",44,"Control","No",103332,2,.7154725,1,0,0
"female",,"Control","No",106362,2,2.785072,3,0,0
"male",42,"Control","No",161494,2,2.337916,2,0,0
"male",,"Control","Yes",135004,2,3.365837,3,1,0
"female",41,"Control","No",56688,2,4.130961,4,0,0
"male",47,"Control","No",149551,1,2.679826,3,0,0
"female",47,"Control","No",85584,4,1.445864,1,0,0
"female",,"Control","Yes",123147,3,3.189307,3,1,0
"female",44,"Control","No",52238,2,2.351765,2,0,0
"female",31,"Control","No",66457,2,2.676703,3,0,0
".",49,"Control","No",3672,2,3.68663,4,0,0
"female",31,"Control","No",16365,1,1.586063,2,0,0
"female",51,"Control","No",42362,2,1.66341,2,0,0
"female",34,"Control","Yes",29505,4,5,5,1,0
"male",64,"Control","Yes",140808,2,5,5,1,0
"male",64,"Control","Yes",169004,2,2.75479,3,1,0
"male",45,"Control","Yes",86224,3,2.927288,3,1,0
"male",37,"Control","No",4743,2,1.967991,2,0,0
"male",21,"Control","No",122606,3,4.338462,4,0,0
"male",,"Control","No",80371,2,3.449381,3,0,0
"female",54,"Control","No",104871,1,4.144498,4,0,0
"female",45,"Control","No",30007,2,2.88516,3,0,0
"male",,"Control","No",163018,2,1.005409,1,0,0
"female",44,"Control","No",89219,2,.5575036,1,0,0
"male",40,"Control","No",148758,2,2.333925,2,0,0
"female",43,"Control","No",147672,2,2.425952,2,0,0
".",55,"Control","No",8481,4,3.158124,3,0,0
"female",47,"Control","No",53258,2,4.38693,4,0,0
"female",34,"Control","No",50194,2,3.389479,3,0,0
"female",65,"Control","Yes",102429,2,4.704687,5,1,0
"male",24,"Control","No",59010,3,5,5,0,0
"male",61,"Control","Yes",145625,1,2.911371,3,1,0
".",59,"Control","No",148492,2,0,0,0,0
"male",46,"Control","No",19326,3,1.106065,1,0,0
"female",40,"Control","No",87577,1,1.911055,2,0,0
".",40,"Control","No",158512,2,.3839595,0,0,0
"male",63,"Control","Yes",89491,1,3.648496,4,1,0
"female",64,"Control","Yes",104596,2,2.515324,3,1,0
".",51,"Control","Yes",15761,1,2.369506,2,1,0
"female",52,"Control","No",49122,4,1.172563,1,0,0
"male",52,"Control","Yes",73189,2,2.420795,2,1,0
"male",36,"Control","Yes",49262,2,3.275306,3,1,0
"female",43,"Control","No",49975,2,1.712772,2,0,0
"male",53,"Control","Yes",55187,3,3.620878,4,1,0
"male",,"Control","No",145940,3,1.426572,1,0,0
"male",59,"Control","Yes",130339,2,3.22745,3,1,0
".",53,"Control","No",16780,3,3.609491,4,0,0
"female",37,"Control","Yes",63066,2,3.228123,3,1,0
".",37,"Control","No",145456,2,.9088684,1,0,0
"male",54,"Control","Yes",17918,2,3.259143,3,1,0
"female",46,"Control","Yes",120489,2,4.471247,4,1,0
"male",57,"Control","Yes",27462,2,3.155864,3,1,0
"male",22,"Control","No",101826,3,2.713563,3,0,0
".",56,"Control","No",64629,2,2.049706,2,0,0
"male",,"Control","No",10681,2,2.144281,2,0,0
"male",,"Control","No",22812,3,2.681116,3,0,0
"male",55,"Control","No",25107,2,.748636,1,0,0
"male",44,"Control","Yes",73033,1,2.600632,3,1,0
".",22,"Control","No",69532,3,2.657273,3,0,0
"female",,"Control","No",137344,2,2.352958,2,0,0
"female",67,"Control","No",105043,2,2.601873,3,0,0
"male",50,"Control","No",21457,2,.1135931,0,0,0
"male",54,"Control","No",9931,2,3.483899,3,0,0
"female",,"Control","No",40208,3,.4506753,0,0,0
"female",51,"Control","No",123672,2,3.230817,3,0,0
"male",53,"Control","No",125227,2,1.700403,2,0,0
"female",43,"Control","No",151545,2,2.925926,3,0,0
"male",,"Control","No",28470,1,2.64879,3,0,0
"female",49,"Control","No",67264,3,1.268627,1,0,0
"male",26,"Control","No",54406,3,3.223832,3,0,0
"male",57,"Control","No",45002,2,2.205476,2,0,0
"female",64,"Control","No",96761,2,3.201062,3,0,0
"male",46,"Control","Yes",69394,3,2.309652,2,1,0
"female",37,"Control","No",20317,2,5,5,0,0
"female",48,"Control","No",70111,3,.6769694,1,0,0
"female",70,"Control","Yes",165223,2,2.643468,3,1,0
"female",43,"Control","No",105565,1,1.899529,2,0,0
".",39,"Control","No",55438,2,1.316733,1,0,0
"male",59,"Control","No",86329,2,1.046342,1,0,0
"male",58,"Control","Yes",17360,3,.0306562,0,1,0
"female",59,"Control","No",18404,2,1.307593,1,0,0
"female",59,"Control","No",2208,2,1.275251,1,0,0
".",48,"Control","No",54571,2,.8724316,1,0,0
"male",25,"Control","No",23702,3,2.915401,3,0,0
"female",32,"Control","No",22870,3,2.642366,3,0,0
"male",61,"Control","No",153690,2,1.958157,2,0,0
"male",47,"Control","Yes",177271,2,3.044068,3,1,0
"male",45,"Control","Yes",48490,2,1.330037,1,1,0
".",56,"Control","Yes",172690,1,3.759877,4,1,0
"female",60,"Control","No",168440,2,1.487979,1,0,0
"female",20,"Control","No",124377,2,2.696377,3,0,0
"female",62,"Control","No",97160,2,5,5,0,0
"male",45,"Control","No",118754,2,3.76143,4,0,0
"male",60,"Control","No",78041,1,2.26657,2,0,0
"male",41,"Control","Yes",81765,2,1.107316,1,1,0
"male",38,"Control","Yes",149638,2,5,5,1,0
"female",35,"Control","No",127847,2,1.048212,1,0,0
".",61,"Control","No",133040,2,1.949202,2,0,0
"female",38,"Control","No",3368,2,3.421571,3,0,0
".",72,"Control","Yes",114074,3,2.838195,3,1,0
"male",40,"Control","Yes",120573,2,2.750321,3,1,0
"female",52,"Control","No",167054,2,2.341833,2,0,0
".",55,"Control","No",144315,4,1.837372,2,0,0
"male",37,"Control","Yes",11618,2,5,5,1,0
"female",52,"Control","No",37127,2,1.917037,2,0,0
".",64,"Control","No",73235,1,2.580138,3,0,0
".",59,"Control","Yes",68402,2,2.447406,2,1,0
"female",84,"Control","No",81035,2,.7848358,1,0,0
"female",44,"Control","No",31066,2,3.186204,3,0,0
"male",52,"Control","No",78818,1,2.669367,3,0,0
"male",24,"Control","No",46718,3,2.491506,2,0,0
"female",,"Control","No",119624,3,2.028529,2,0,0
"male",56,"Control","Yes",77690,2,2.048532,2,1,0
"male",51,"Control","Yes",116095,1,5,5,1,0
".",,"Control","No",90925,2,3.256999,3,0,0
"female",48,"Control","No",168670,2,3.338756,3,0,0
".",21,"Control","Yes",164629,4,2.527679,3,1,0
"male",52,"Control","No",127927,4,1.787261,2,0,0
"male",68,"Control","Yes",2729,2,3.285935,3,1,0
"male",35,"Control","Yes",148687,2,2.759414,3,1,0
"female",44,"Control","Yes",16962,2,1.6236,2,1,0
"male",58,"Control","No",40611,3,4.815922,5,0,0
"female",68,"Control","No",130381,2,1.724883,2,0,0
"male",54,"Control","No",93764,2,2.14076,2,0,0
"male",53,"Control","No",82546,3,1.175153,1,0,0
"male",53,"Control","Yes",24339,1,1.685419,2,1,0
"male",79,"Control","No",107500,2,1.68965,2,0,0
"female",74,"Control","Yes",44931,2,4.061821,4,1,0
"male",25,"Control","Yes",122316,3,.827237,1,1,0
"female",47,"Control","Yes",158493,2,1.952007,2,1,0
"male",51,"Control","No",22426,2,3.557664,4,0,0
"female",53,"Control","No",118249,3,3.086821,3,0,0
".",53,"Control","No",131866,1,2.804224,3,0,0
"male",,"Control","No",32981,2,1.612358,2,0,0
"male",47,"Control","No",92634,3,2.718643,3,0,0
"female",57,"Control","No",6992,3,1.765306,2,0,0
"female",48,"Control","No",9857,2,1.660599,2,0,0
"male",,"Control","Yes",36647,3,4.138233,4,1,0
".",47,"Control","No",121204,2,2.502042,3,0,0
"male",39,"Control","No",10927,2,1.414786,1,0,0
"female",42,"Control","No",163547,2,.3518133,0,0,0
"female",68,"Control","No",80879,1,3.12526,3,0,0
"male",46,"Control","Yes",90680,2,2.34639,2,1,0
"male",73,"Control","No",44039,2,1.478077,1,0,0
"male",47,"Control","No",1391,1,1.558547,2,0,0
"female",48,"Control","No",152321,2,1.788679,2,0,0
"female",68,"Control","No",62284,2,1.443048,1,0,0
"male",63,"Control","No",44817,3,4.978952,5,0,0
"male",31,"Control","No",80436,2,1.273381,1,0,0
"male",76,"Control","No",100551,2,3.030119,3,0,0
"male",44,"Control","Yes",59627,1,2.828105,3,1,0
"male",21,"Control","No",155418,3,2.467556,2,0,0
"male",21,"Control","No",123441,3,0,0,0,0
"male",64,"Control","Yes",917,2,3.979949,4,1,0
"female",37,"Control","No",94919,1,3.3388,3,0,0
"male",44,"Control","No",119962,2,3.25289,3,0,0
"female",61,"Control","No",46882,2,2.951245,3,0,0
"female",50,"Control","No",126168,2,3.623731,4,0,0
"female",46,"Control","No",33933,2,3.841496,4,0,0
"male",47,"Control","Yes",88192,3,2.491243,2,1,0
"male",55,"Control","Yes",39065,3,2.689681,3,1,0
"male",45,"Control","Yes",119692,2,3.140747,3,1,0
"female",51,"Control","No",31889,2,2.946863,3,0,0
"male",53,"Control","Yes",76289,3,2.392684,2,1,0
"female",40,"Control","No",143508,2,1.247487,1,0,0
"female",45,"Control","No",81038,2,3.762625,4,0,0
"female",45,"Control","No",122526,2,1.893399,2,0,0
"male",49,"Control","Yes",147730,2,3.659556,4,1,0
"female",30,"Control","No",130599,2,1.918849,2,0,0
"male",62,"Control","No",172721,2,3.71682,4,0,0
"female",49,"Control","No",111771,2,.5268289,1,0,0
"male",41,"Control","No",50285,2,.9126703,1,0,0
".",40,"Control","No",35809,2,1.901453,2,0,0
".",52,"Control","No",74840,3,.9004868,1,0,0
".",44,"Control","No",18308,1,3.143973,3,0,0
"male",63,"Control","No",119335,2,.2261115,0,0,0
"female",42,"Control","No",139987,3,.4367658,0,0,0
"male",,"Control","Yes",149263,2,1.714735,2,1,0
"male",74,"Control","Yes",69109,1,3.460219,3,1,0
"male",59,"Control","Yes",91040,2,4.815505,5,1,0
"female",,"Control","No",40257,3,3.215957,3,0,0
"female",73,"Control","Yes",69651,2,1.79485,2,1,0
"male",59,"Control","No",28420,3,1.187655,1,0,0
"female",56,"Control","Yes",172870,3,1.679725,2,1,0
".",54,"Control","No",17187,3,.8437196,1,0,0
"male",50,"Control","No",163260,3,2.257935,2,0,0
".",75,"Control","No",65467,3,1.910147,2,0,0
".",39,"Control","No",15668,2,2.385841,2,0,0
"male",65,"Control","No",148754,2,2.949769,3,0,0
"female",57,"Control","No",83213,2,0,0,0,0
".",,"Neighbors","No",132614,2,2.894375,3,0,1
"male",35,"Neighbors","Yes",144805,2,3.757781,4,1,1
"female",44,"Neighbors","No",170649,2,1.085181,1,0,1
"female",40,"Neighbors","Yes",154227,2,3.01788,3,1,1
"female",46,"Neighbors","No",62658,3,2.06683,2,0,1
"female",35,"Neighbors","No",172009,2,2.242775,2,0,1
"male",62,"Neighbors","No",47929,2,2.025563,2,0,1
"female",,"Neighbors","Yes",120168,3,3.802607,4,1,1
"male",79,"Neighbors","Yes",71442,2,3.793891,4,1,1
"male",,"Neighbors","No",109917,2,1.920941,2,0,1
"male",57,"Neighbors","No",144654,2,2.256929,2,0,1
"female",37,"Neighbors","No",136580,2,2.645144,3,0,1
"female",38,"Neighbors","Yes",49696,2,4.914563,5,1,1
"male",57,"Neighbors","No",172884,2,1.423401,1,0,1
"male",52,"Neighbors","Yes",31633,2,2.014658,2,1,1
"female",50,"Neighbors","No",61066,2,1.071492,1,0,1
"male",24,"Neighbors","No",137770,3,1.114875,1,0,1
"female",26,"Neighbors","No",79230,3,4.383181,4,0,1
"female",43,"Neighbors","Yes",156690,1,2.889674,3,1,1
"female",40,"Neighbors","No",147712,2,2.765493,3,0,1
"male",41,"Neighbors","No",29789,2,.9573128,1,0,1
"female",58,"Neighbors","No",58032,2,2.576523,3,0,1
".",55,"Neighbors","Yes",78625,2,2.883956,3,1,1
"female",54,"Neighbors","No",84525,2,1.721126,2,0,1
"female",63,"Neighbors","Yes",17507,1,3.523529,4,1,1
"male",51,"Neighbors","Yes",143572,2,5,5,1,1
"male",82,"Neighbors","No",6699,2,5,5,0,1
".",45,"Neighbors","Yes",101573,1,1.982793,2,1,1
"female",45,"Neighbors","Yes",14583,3,2.577727,3,1,1
"female",38,"Neighbors","Yes",111195,2,4.168771,4,1,1
".",67,"Neighbors","No",82561,2,2.959479,3,0,1
"male",64,"Neighbors","Yes",48422,2,1.216501,1,1,1
"female",47,"Neighbors","No",56531,2,3.980549,4,0,1
"male",57,"Neighbors","No",94034,2,2.621624,3,0,1
"male",35,"Neighbors","Yes",54282,2,4.46582,4,1,1
"male",47,"Neighbors","No",11804,3,1.951167,2,0,1
"female",49,"Neighbors","No",10425,3,.6740555,1,0,1
"male",65,"Neighbors","Yes",102868,2,.6208073,1,1,1
"male",66,"Neighbors","Yes",80756,2,1.755379,2,1,1
"female",34,"Neighbors","Yes",147942,2,3.651487,4,1,1
"male",,"Neighbors","Yes",88870,2,2.835224,3,1,1
"male",22,"Neighbors","No",140859,4,.5380294,1,0,1
"male",54,"Neighbors","No",79345,3,3.711212,4,0,1
"female",,"Neighbors","No",149428,2,2.143161,2,0,1
"male",69,"Neighbors","Yes",37818,2,4.873853,5,1,1
"female",90,"Neighbors","Yes",9431,1,3.413632,3,1,1
"male",29,"Neighbors","No",107460,2,2.40498,2,0,1
"female",65,"Neighbors","No",116849,2,2.828401,3,0,1
"female",49,"Neighbors","No",45069,2,1.696371,2,0,1
"female",29,"Neighbors","Yes",143628,2,2.981769,3,1,1
"male",36,"Neighbors","Yes",7056,2,4.166481,4,1,1
".",55,"Neighbors","Yes",168642,2,1.11116,1,1,1
"male",27,"Neighbors","No",1355,3,.015954,0,0,1
"female",26,"Neighbors","Yes",9343,2,1.186904,1,1,1
"male",,"Neighbors","Yes",19102,2,2.786821,3,1,1
"male",46,"Neighbors","No",11638,3,1.393877,1,0,1
"male",32,"Neighbors","Yes",150632,1,3.560446,4,1,1
"male",59,"Neighbors","No",29968,2,2.222896,2,0,1
".",54,"Neighbors","No",131793,4,2.644039,3,0,1
"male",39,"Neighbors","Yes",98471,2,.7145276,1,1,1
"male",58,"Neighbors","Yes",15755,2,3.685179,4,1,1
"female",48,"Neighbors","Yes",28357,2,2.039554,2,1,1
"male",49,"Neighbors","No",59651,1,1.796398,2,0,1
"female",34,"Neighbors","Yes",78619,2,.5290979,1,1,1
"female",51,"Neighbors","No",94764,2,1.154305,1,0,1
"female",45,"Neighbors","No",148782,3,3.484859,3,0,1
"female",24,"Neighbors","No",79622,3,2.645532,3,0,1
"female",20,"Neighbors","No",175391,3,.8884414,1,0,1
"male",,"Neighbors","No",36629,2,1.281375,1,0,1
"male",68,"Neighbors","No",178255,2,0,0,0,1
"female",49,"Neighbors","No",64846,2,3.162546,3,0,1
"female",62,"Neighbors","No",48058,2,2.781798,3,0,1
"male",63,"Neighbors","Yes",122184,2,2.617837,3,1,1
"male",35,"Neighbors","No",76424,2,4.311816,4,0,1
"male",52,"Neighbors","Yes",157877,2,2.358897,2,1,1
"male",46,"Neighbors","Yes",47004,1,2.161427,2,1,1
"female",55,"Neighbors","Yes",73375,2,3.491453,3,1,1
"male",29,"Neighbors","No",106497,2,1.089294,1,0,1
".",37,"Neighbors","No",58700,2,1.950103,2,0,1
"female",38,"Neighbors","No",54341,2,2.562119,3,0,1
"female",43,"Neighbors","No",161549,2,.9843744,1,0,1
"female",23,"Neighbors","No",92002,5,1.904168,2,0,1
"male",37,"Neighbors","No",146011,1,3.336943,3,0,1
"male",62,"Neighbors","Yes",114339,2,3.233263,3,1,1
"male",39,"Neighbors","No",3535,2,0,0,0,1
"male",54,"Neighbors","Yes",35070,4,3.464389,3,1,1
"male",27,"Neighbors","Yes",145546,2,4.610756,5,1,1
"male",30,"Neighbors","No",12491,2,2.820476,3,0,1
"female",22,"Neighbors","Yes",78169,4,1.455853,1,1,1
"female",,"Neighbors","No",97815,1,4.376682,4,0,1
"male",51,"Neighbors","No",76836,2,1.419562,1,0,1
".",,"Neighbors","No",112078,2,1.286674,1,0,1
"male",37,"Neighbors","No",169302,1,2.970435,3,0,1
"female",58,"Neighbors","Yes",41832,2,3.08632,3,1,1
"female",58,"Neighbors","No",143406,2,3.092463,3,0,1
"male",55,"Neighbors","No",25228,2,.571461,1,0,1
"female",20,"Neighbors","No",107630,3,2.31194,2,0,1
"female",45,"Neighbors","No",112318,2,.7382919,1,0,1
"male",,"Neighbors","Yes",155350,2,2.907097,3,1,1
".",52,"Neighbors","No",136971,2,1.57153,2,0,1
".",21,"Neighbors","No",131793,4,.0878891,0,0,1
"male",34,"Neighbors","Yes",4727,2,1.69845,2,1,1
"female",57,"Neighbors","Yes",72976,1,2.411121,2,1,1
"female",51,"Neighbors","No",86821,3,2.317388,2,0,1
"male",58,"Neighbors","Yes",173721,2,4.059441,4,1,1
"female",59,"Neighbors","Yes",37767,2,2.865271,3,1,1
"male",46,"Neighbors","No",20048,2,.8029861,1,0,1
"female",,"Neighbors","Yes",124263,2,3.805275,4,1,1
"male",47,"Neighbors","No",79134,2,2.447549,2,0,1
"male",46,"Neighbors","Yes",11068,2,1.998654,2,1,1
".",65,"Neighbors","Yes",128826,2,3.863593,4,1,1
"male",,"Neighbors","No",150864,2,1.403526,1,0,1
"female",75,"Neighbors","Yes",20203,2,2.326128,2,1,1
"male",51,"Neighbors","No",34458,3,2.916575,3,0,1
"female",,"Neighbors","No",151070,2,1.430591,1,0,1
"male",78,"Neighbors","No",113268,2,4.055241,4,0,1
"male",61,"Neighbors","Yes",172383,1,4.402044,4,1,1
"female",75,"Neighbors","No",62479,1,.8364078,1,0,1
"female",44,"Neighbors","No",71259,3,1.674002,2,0,1
"male",76,"Neighbors","No",168480,2,1.010808,1,0,1
"male",59,"Neighbors","No",78066,2,1.683508,2,0,1
"female",43,"Neighbors","Yes",170517,2,2.928818,3,1,1
"female",32,"Neighbors","Yes",69649,2,3.153475,3,1,1
"male",,"Neighbors","Yes",76019,2,3.354555,3,1,1
"male",58,"Neighbors","Yes",34605,3,3.477884,3,1,1
"female",91,"Neighbors","No",69306,1,1.451085,1,0,1
".",91,"Neighbors","No",168943,1,.2189582,0,0,1
"male",61,"Neighbors","No",3475,3,3.034412,3,0,1
"female",40,"Neighbors","Yes",140690,1,3.64261,4,1,1
".",43,"Neighbors","No",6322,2,.57942,1,0,1
"male",33,"Neighbors","Yes",162848,1,2.626674,3,1,1
"male",51,"Neighbors","Yes",158758,2,0,0,1,1
".",53,"Neighbors","No",130162,3,.7974297,1,0,1
"female",22,"Neighbors","Yes",14305,3,3.932631,4,1,1
"male",73,"Neighbors","Yes",83362,2,2.084221,2,1,1
".",51,"Neighbors","No",143251,2,1.479203,1,0,1
"female",51,"Neighbors","No",63519,2,.6047289,1,0,1
"female",43,"Neighbors","No",143857,2,2.323331,2,0,1
"male",20,"Neighbors","No",15204,3,1.872314,2,0,1
"female",,"Neighbors","Yes",103613,1,2.579791,3,1,1
"male",71,"Neighbors","Yes",131674,1,3.928383,4,1,1
"female",53,"Neighbors","No",83924,2,2.751283,3,0,1
"female",42,"Neighbors","No",47766,2,.9741875,1,0,1
"male",65,"Neighbors","No",147239,2,1.413664,1,0,1
"male",23,"Neighbors","No",10450,4,3.148356,3,0,1
".",,"Neighbors","Yes",164277,2,3.025461,3,1,1
"female",45,"Neighbors","Yes",73442,2,3.378843,3,1,1
"male",,"Neighbors","No",37133,4,3.897675,4,0,1
"male",,"Neighbors","No",165706,2,2.565264,3,0,1
"male",59,"Neighbors","No",12085,1,0,0,0,1
"female",55,"Neighbors","Yes",111851,2,4.596886,5,1,1
".",,"Neighbors","Yes",85217,1,3.363433,3,1,1
"female",40,"Neighbors","No",109979,2,2.502823,3,0,1
"female",51,"Neighbors","Yes",25382,3,4.519277,5,1,1
"female",59,"Neighbors","Yes",124325,2,3.488091,3,1,1
"female",41,"Neighbors","No",35415,1,2.103355,2,0,1
"female",63,"Neighbors","Yes",99172,2,2.2125,2,1,1
"male",60,"Neighbors","Yes",121235,2,3.093743,3,1,1
".",79,"Neighbors","No",177888,2,1.436973,1,0,1
"female",52,"Neighbors","Yes",72961,1,1.959257,2,1,1
"female",74,"Neighbors","No",107634,1,2.944438,3,0,1
".",64,"Neighbors","No",84945,3,1.578764,2,0,1
"male",25,"Neighbors","No",34571,4,4.129455,4,0,1
"male",61,"Neighbors","No",95153,1,3.174502,3,0,1
"male",64,"Neighbors","Yes",5130,5,3.284238,3,1,1
"male",29,"Neighbors","No",105614,1,1.345593,1,0,1
"male",57,"Neighbors","Yes",20789,4,5,5,1,1
"female",51,"Neighbors","Yes",2738,3,.8227572,1,1,1
"male",75,"Neighbors","Yes",35326,2,4.261069,4,1,1
"female",43,"Neighbors","No",163740,3,1.247754,1,0,1
".",54,"Neighbors","No",169076,1,4.569029,5,0,1
"male",64,"Neighbors","Yes",106402,2,1.957929,2,1,1
"female",57,"Neighbors","No",161817,2,1.516486,2,0,1
"female",46,"Neighbors","No",123347,2,1.93118,2,0,1
"female",48,"Neighbors","No",113407,2,.4415491,0,0,1
"male",68,"Neighbors","Yes",169703,1,2.22978,2,1,1
"male",49,"Neighbors","Yes",33918,3,3.118904,3,1,1
"male",60,"Neighbors","Yes",64274,2,2.847462,3,1,1
"male",44,"Neighbors","No",169909,2,1.831826,2,0,1
".",54,"Neighbors","No",43984,2,1.683346,2,0,1
".",49,"Neighbors","Yes",178761,1,1.458763,1,1,1
"female",49,"Neighbors","No",9317,3,5,5,0,1
"male",22,"Neighbors","No",129098,4,1.990882,2,0,1
"male",44,"Neighbors","No",175430,2,0,0,0,1
"female",21,"Neighbors","No",93716,3,2.158264,2,0,1
".",60,"Neighbors","Yes",40387,2,3.41736,3,1,1
"male",,"Neighbors","No",13039,2,1.815462,2,0,1
"female",21,"Neighbors","No",164166,3,2.431255,2,0,1
"male",62,"Neighbors","No",60316,2,0,0,0,1
"female",47,"Neighbors","No",40170,2,1.571146,2,0,1
"female",70,"Neighbors","No",138907,3,4.070454,4,0,1
".",,"Neighbors","No",129205,2,.8117903,1,0,1
"female",51,"Neighbors","Yes",158135,2,4.709112,5,1,1
"male",50,"Neighbors","Yes",11119,1,4.046477,4,1,1
"male",52,"Neighbors","Yes",23719,1,1.718702,2,1,1
"female",,"Neighbors","Yes",15653,5,1.783174,2,1,1
".",42,"Neighbors","Yes",110501,2,1.686273,2,1,1
"female",24,"Neighbors","No",145703,4,2.73352,3,0,1
"female",75,"Neighbors","No",153163,2,1.154995,1,0,1
"female",46,"Neighbors","No",27324,1,3.044388,3,0,1
"male",33,"Neighbors","Yes",63464,2,3.696411,4,1,1
"male",34,"Neighbors","Yes",20319,2,4.406227,4,1,1
"male",71,"Neighbors","No",109511,1,2.338126,2,0,1
"female",40,"Neighbors","No",27313,2,2.196313,2,0,1
"male",71,"Neighbors","Yes",73358,2,1.779052,2,1,1
"male",,"Neighbors","Yes",115734,1,3.636899,4,1,1
"female",57,"Neighbors","Yes",147543,2,2.835376,3,1,1
"female",42,"Neighbors","No",7579,2,1.208858,1,0,1
"male",46,"Neighbors","No",109115,1,4.053449,4,0,1
"male",25,"Neighbors","Yes",92002,5,1.733357,2,1,1
"male",47,"Neighbors","Yes",30490,3,1.162633,1,1,1
"female",36,"Neighbors","No",41635,2,3.656269,4,0,1
"male",41,"Neighbors","Yes",159458,2,4.584713,5,1,1
"male",58,"Neighbors","No",67966,2,3.276971,3,0,1
"female",,"Neighbors","No",6488,1,3.512317,4,0,1
"male",60,"Neighbors","No",171584,1,1.872582,2,0,1
"female",43,"Neighbors","No",51096,2,3.489222,3,0,1
"male",56,"Neighbors","No",142659,3,.8104426,1,0,1
"male",,"Neighbors","Yes",81919,3,4.046475,4,1,1
"female",,"Neighbors","Yes",18162,1,.1016273,0,1,1
"female",84,"Neighbors","No",168874,2,2.038638,2,0,1
"female",80,"Neighbors","No",176356,2,0,0,0,1
"male",66,"Neighbors","Yes",15735,2,2.880227,3,1,1
"male",38,"Neighbors","No",61599,1,.9849069,1,0,1
"male",46,"Neighbors","Yes",64335,2,2.637314,3,1,1
".",68,"Neighbors","No",83952,2,2.181199,2,0,1
"female",38,"Neighbors","No",170050,2,.3550315,0,0,1
"male",61,"Neighbors","No",154916,2,2.574834,3,0,1
".",49,"Neighbors","No",164531,4,2.340401,2,0,1
"male",50,"Neighbors","Yes",22297,3,3.001212,3,1,1
"male",43,"Neighbors","No",153436,2,.5644398,1,0,1
"female",51,"Neighbors","No",146038,2,2.153386,2,0,1
".",40,"Neighbors","No",121066,2,.5100359,1,0,1
"male",22,"Neighbors","No",76205,3,1.898039,2,0,1
"female",42,"Neighbors","Yes",16818,2,1.301084,1,1,1
"female",,"Neighbors","No",92742,1,1.623864,2,0,1
"male",65,"Neighbors","Yes",7743,2,2.92821,3,1,1
"female",39,"Neighbors","No",56952,2,1.323027,1,0,1
".",33,"Neighbors","No",13449,2,.1927433,0,0,1
"female",52,"Neighbors","Yes",116130,2,5,5,1,1
"female",49,"Neighbors","No",127841,3,.8361602,1,0,1
"male",49,"Neighbors","No",112813,1,3.071288,3,0,1
"female",48,"Neighbors","Yes",9049,4,1.693222,2,1,1
"female",39,"Neighbors","Yes",19327,2,2.468105,2,1,1
".",,"Neighbors","No",167833,1,3.112778,3,0,1
"male",54,"Neighbors","No",91535,3,2.110793,2,0,1
"female",64,"Neighbors","Yes",15111,2,2.232791,2,1,1
"female",81,"Neighbors","Yes",116456,2,3.716496,4,1,1
"male",50,"Neighbors","Yes",137694,2,1.912456,2,1,1
"male",47,"Neighbors","No",143847,1,1.576135,2,0,1
"male",42,"Neighbors","No",67258,2,.8737103,1,0,1
"male",22,"Neighbors","No",38903,3,1.395734,1,0,1
"female",52,"Neighbors","Yes",122269,2,2.661049,3,1,1
"male",57,"Neighbors","Yes",129664,4,3.778614,4,1,1
"female",42,"Neighbors","No",8585,2,.6288131,1,0,1
"male",50,"Neighbors","No",48849,1,1.819345,2,0,1
"male",42,"Neighbors","No",87091,2,1.671984,2,0,1
"female",55,"Neighbors","No",129750,2,1.055374,1,0,1
"male",,"Neighbors","No",141352,2,1.400146,1,0,1
"male",37,"Neighbors","Yes",170580,2,3.124203,3,1,1
"male",55,"Neighbors","No",31523,3,.9482438,1,0,1
"male",53,"Neighbors","No",167311,3,.5417418,1,0,1
"female",66,"Neighbors","Yes",70710,2,4.799021,5,1,1
"male",45,"Neighbors","Yes",91060,2,2.467486,2,1,1
"female",41,"Neighbors","No",168604,1,3.111933,3,0,1
"male",60,"Neighbors","Yes",49290,2,1.393715,1,1,1
"female",64,"Neighbors","Yes",119182,3,2.286609,2,1,1
"male",55,"Neighbors","Yes",39132,3,5,5,1,1
"female",58,"Neighbors","Yes",106402,2,4.173975,4,1,1
"male",37,"Neighbors","Yes",31046,2,2.719477,3,1,1
"male",59,"Neighbors","Yes",71334,2,4.306984,4,1,1
".",57,"Neighbors","Yes",158001,2,4.543216,5,1,1
"female",55,"Neighbors","No",27603,2,3.141779,3,0,1
"male",,"Neighbors","No",155271,1,2.831503,3,0,1
"male",25,"Neighbors","No",56142,4,0,0,0,1
"female",39,"Neighbors","Yes",174165,2,2.575276,3,1,1
"male",58,"Neighbors","Yes",137090,2,.8621908,1,1,1
".",43,"Neighbors","No",26569,3,1.871629,2,0,1
"female",59,"Neighbors","No",36441,2,1.596524,2,0,1
"male",40,"Neighbors","Yes",146571,2,2.810273,3,1,1
"male",48,"Neighbors","Yes",96410,3,2.744995,3,1,1
"female",22,"Neighbors","No",52859,2,3.157381,3,0,1
"male",32,"Neighbors","No",137697,2,0,0,0,1
"female",37,"Neighbors","Yes",138227,2,3.407485,3,1,1
"male",56,"Neighbors","Yes",49556,2,1.237639,1,1,1
"male",54,"Neighbors","Yes",149543,3,2.782799,3,1,1
".",36,"Neighbors","No",39108,2,1.308957,1,0,1
"female",46,"Neighbors","No",88265,2,2.677339,3,0,1
"female",47,"Neighbors","No",172187,2,2.681963,3,0,1
"female",63,"Neighbors","No",67022,2,1.773851,2,0,1
"female",77,"Neighbors","No",173249,2,.633983,1,0,1
"male",64,"Neighbors","Yes",89485,2,2.740236,3,1,1
"female",38,"Neighbors","No",125537,4,3.380846,3,0,1
"female",22,"Neighbors","Yes",62631,3,3.574635,4,1,1
"male",37,"Neighbors","Yes",167564,1,4.294347,4,1,1
"female",71,"Neighbors","Yes",96509,2,5,5,1,1
"male",,"Neighbors","No",141593,2,3.077481,3,0,1
"female",25,"Neighbors","No",31373,3,1.078356,1,0,1
"female",58,"Neighbors","Yes",8543,2,1.457474,1,1,1
"female",58,"Neighbors","Yes",107595,2,3.253638,3,1,1
".",66,"Neighbors","No",118720,3,0,0,0,1
"female",37,"Neighbors","No",134954,2,3.51705,4,0,1
"male",20,"Neighbors","Yes",107741,3,3.067899,3,1,1
".",31,"Neighbors","No",150908,2,2.237009,2,0,1
"male",23,"Neighbors","No",3671,4,0,0,0,1
"male",50,"Neighbors","No",91731,3,1.70156,2,0,1
".",53,"Neighbors","No",170651,1,2.433358,2,0,1
"male",39,"Neighbors","No",28136,2,2.06072,2,0,1
"female",43,"Neighbors","No",172758,3,2.254494,2,0,1
"male",55,"Neighbors","Yes",32616,2,1.230591,1,1,1
".",30,"Neighbors","Yes",154583,2,1.002819,1,1,1
"male",,"Neighbors","Yes",141355,4,2.157411,2,1,1
"female",47,"Neighbors","Yes",59632,2,1.403159,1,1,1
"male",48,"Neighbors","Yes",120222,2,3.207476,3,1,1
"female",64,"Neighbors","No",28242,2,2.303707,2,0,1
"female",60,"Neighbors","No",40824,3,2.423409,2,0,1
".",51,"Neighbors","Yes",95208,2,5,5,1,1
"female",52,"Neighbors","Yes",3515,3,3.483583,3,1,1
"female",62,"Neighbors","Yes",173806,2,2.082294,2,1,1
"male",29,"Neighbors","No",115496,3,3.713337,4,0,1
"female",62,"Neighbors","Yes",62142,1,3.386095,3,1,1
"female",30,"Neighbors","No",42108,4,.8741307,1,0,1
"female",,"Neighbors","No",178533,1,2.949463,3,0,1
"male",64,"Neighbors","No",14628,2,2.715842,3,0,1
"female",57,"Neighbors","No",41313,1,3.976683,4,0,1
"male",24,"Neighbors","No",112747,4,1.553464,2,0,1
"female",21,"Neighbors","No",163722,3,3.881761,4,0,1
"female",59,"Neighbors","No",168004,2,.8846634,1,0,1
"female",48,"Neighbors","Yes",170755,2,2.291445,2,1,1
"female",73,"Neighbors","Yes",117444,1,3.92954,4,1,1
"female",47,"Neighbors","Yes",131615,2,2.736155,3,1,1
"male",,"Neighbors","No",146318,3,2.279258,2,0,1
"male",54,"Neighbors","No",50002,2,1.617952,2,0,1
".",76,"Neighbors","No",174559,1,1.759957,2,0,1
"female",51,"Neighbors","No",162220,4,3.171033,3,0,1
"female",61,"Neighbors","Yes",73664,2,4.618669,5,1,1
"male",53,"Neighbors","No",64010,2,3.496346,3,0,1
"male",60,"Neighbors","Yes",125405,3,2.859805,3,1,1
"female",28,"Neighbors","No",62255,2,.2959676,0,0,1
"male",26,"Neighbors","No",152318,5,3.973701,4,0,1
"male",57,"Neighbors","No",93701,3,1.689834,2,0,1
"male",27,"Neighbors","No",118554,2,0,0,0,1
"female",64,"Neighbors","No",90513,2,3.202056,3,0,1
"female",55,"Neighbors","Yes",4379,2,2.441873,2,1,1
".",77,"Neighbors","Yes",133863,2,2.475152,2,1,1
"female",47,"Neighbors","Yes",24209,1,2.380531,2,1,1
"female",26,"Neighbors","No",127985,2,2.454076,2,0,1
"male",64,"Neighbors","Yes",76815,2,3.446807,3,1,1
"male",61,"Neighbors","No",99040,2,3.200316,3,0,1
"male",44,"Neighbors","No",15970,2,.4040133,0,0,1
"male",57,"Neighbors","No",177539,2,.7223388,1,0,1
"male",40,"Neighbors","No",73804,2,2.726155,3,0,1
"male",43,"Neighbors","No",56601,2,1.690582,2,0,1
"female",41,"Neighbors","No",155514,2,.9088058,1,0,1
"female",50,"Neighbors","No",96918,2,1.696737,2,0,1
".",41,"Neighbors","Yes",167367,2,.6971856,1,1,1
"male",25,"Neighbors","No",19042,3,2.486156,2,0,1
"male",,"Neighbors","No",148210,2,.6879937,1,0,1
"female",48,"Neighbors","No",93356,3,1.939735,2,0,1
"female",36,"Neighbors","No",109588,2,2.203386,2,0,1
"female",57,"Neighbors","Yes",111234,2,3.046706,3,1,1
"male",73,"Neighbors","No",1513,2,1.69769,2,0,1
"male",64,"Neighbors","No",114569,2,.8585368,1,0,1
"female",51,"Neighbors","Yes",29123,1,3.341659,3,1,1
"female",,"Neighbors","No",83719,2,0,0,0,1
"female",59,"Neighbors","Yes",138833,2,2.837085,3,1,1
"female",48,"Neighbors","No",1380,1,0,0,0,1
"female",33,"Neighbors","No",18625,2,2.394515,2,0,1
".",62,"Neighbors","No",165569,2,1.723924,2,0,1
"male",28,"Neighbors","No",154944,4,2.301538,2,0,1
"male",40,"Neighbors","No",133183,2,2.004716,2,0,1
"male",55,"Neighbors","No",97122,2,.620589,1,0,1
"female",44,"Neighbors","No",147102,2,.8694287,1,0,1
"male",63,"Neighbors","Yes",163741,1,3.848735,4,1,1
".",79,"Neighbors","Yes",77515,1,3.693909,4,1,1
".",49,"Neighbors","Yes",118880,2,4.189065,4,1,1
"male",49,"Neighbors","No",89100,1,2.760958,3,0,1
"female",34,"Neighbors","No",140192,1,0,0,0,1
"female",37,"Neighbors","No",12145,2,2.49171,2,0,1
"female",21,"Neighbors","No",4602,3,1.397942,1,0,1
"female",46,"Neighbors","No",142550,2,3.480427,3,0,1
"female",45,"Neighbors","No",3428,2,2.834289,3,0,1
".",43,"Neighbors","No",63615,2,1.990601,2,0,1
"female",58,"Neighbors","No",16386,2,3.232247,3,0,1
"male",22,"Neighbors","No",161074,3,1.876057,2,0,1
"male",43,"Neighbors","Yes",126810,2,4.551151,5,1,1
"female",49,"Neighbors","Yes",148279,2,1.474962,1,1,1
"male",79,"Neighbors","Yes",127485,2,1.502345,2,1,1
"female",21,"Neighbors","No",153878,4,4.38351,4,0,1
"male",67,"Neighbors","Yes",13641,2,4.122433,4,1,1
"female",47,"Neighbors","Yes",23281,2,2.682164,3,1,1
"female",57,"Neighbors","Yes",178205,2,1.537875,2,1,1
"female",45,"Neighbors","No",3885,2,1.830936,2,0,1
"female",59,"Neighbors","Yes",45592,4,2.546402,3,1,1
"male",60,"Neighbors","Yes",84547,2,1.917023,2,1,1
"female",28,"Neighbors","Yes",49156,2,3.284474,3,1,1
"female",53,"Neighbors","Yes",22029,1,3.005172,3,1,1
"female",52,"Neighbors","No",53925,2,1.0979,1,0,1
"female",39,"Neighbors","No",50212,2,2.553332,3,0,1
"male",21,"Neighbors","No",27901,3,.5555327,1,0,1
"male",54,"Neighbors","No",164562,3,0,0,0,1
".",64,"Neighbors","Yes",81580,1,3.767595,4,1,1
"female",64,"Neighbors","No",132708,1,3.110191,3,0,1
"male",57,"Neighbors","No",132009,2,2.607053,3,0,1
"male",45,"Neighbors","No",54360,2,.0385855,0,0,1
".",61,"Neighbors","Yes",176385,2,1.658237,2,1,1
"male",42,"Neighbors","No",178918,2,2.669881,3,0,1
".",49,"Neighbors","Yes",77512,1,2.119589,2,1,1
"female",21,"Neighbors","No",53749,4,.8778962,1,0,1
"male",42,"Neighbors","Yes",120260,2,1.139611,1,1,1
"male",40,"Neighbors","Yes",69364,2,2.782689,3,1,1
"male",,"Neighbors","No",3604,2,2.667983,3,0,1
"male",68,"Neighbors","Yes",121132,2,2.275896,2,1,1
"female",56,"Neighbors","Yes",150081,3,2.895732,3,1,1
"female",61,"Neighbors","Yes",175395,2,2.661964,3,1,1
"female",24,"Neighbors","No",16521,4,0,0,0,1
".",62,"Neighbors","Yes",71962,2,5,5,1,1
"female",42,"Neighbors","No",72998,4,2.191978,2,0,1
"female",56,"Neighbors","No",141047,2,2.399698,2,0,1
"female",51,"Neighbors","No",167879,3,0,0,0,1
"female",50,"Neighbors","Yes",69052,2,3.234644,3,1,1
"female",38,"Neighbors","Yes",151636,2,2.258502,2,1,1
"male",39,"Neighbors","Yes",94021,1,2.775953,3,1,1
"male",73,"Neighbors","Yes",853,2,3.021686,3,1,1
"male",34,"Neighbors","No",130755,4,1.197653,1,0,1
".",37,"Neighbors","Yes",10995,2,2.273959,2,1,1
"female",22,"Neighbors","No",124741,3,1.248721,1,0,1
"female",41,"Neighbors","Yes",132614,2,4.631618,5,1,1
"male",23,"Neighbors","No",81596,4,1.464196,1,0,1
"male",59,"Neighbors","No",85926,3,1.182224,1,0,1
"female",40,"Neighbors","Yes",69748,3,4.237503,4,1,1
"male",60,"Neighbors","Yes",209,1,3.661354,4,1,1
"female",70,"Neighbors","No",59125,1,1.911171,2,0,1
"male",28,"Neighbors","Yes",7211,4,4.37238,4,1,1
".",62,"Neighbors","Yes",160172,3,5,5,1,1
"male",59,"Neighbors","No",163500,4,3.653245,4,0,1
"female",23,"Neighbors","No",36741,4,.6765422,1,0,1
"male",51,"Neighbors","No",125892,2,.8990439,1,0,1
"male",43,"Neighbors","No",46136,2,1.736742,2,0,1
"female",70,"Neighbors","No",168065,1,1.590261,2,0,1
"male",53,"Neighbors","No",46893,1,1.813501,2,0,1
".",,"Neighbors","Yes",97672,3,2.280896,2,1,1
".",41,"Neighbors","Yes",132097,2,2.057326,2,1,1
".",35,"Neighbors","No",62023,2,3.553191,4,0,1
"male",42,"Neighbors","No",14126,2,3.203507,3,0,1
"male",40,"Neighbors","No",89043,3,2.239258,2,0,1
".",32,"Neighbors","No",91103,2,2.900591,3,0,1
"male",58,"Neighbors","No",37489,4,1.914278,2,0,1
"male",47,"Neighbors","No",123816,1,1.94809,2,0,1
"female",54,"Neighbors","Yes",136997,1,3.222031,3,1,1
"female",46,"Neighbors","No",133884,2,1.865333,2,0,1
"female",20,"Neighbors","No",46913,2,1.966305,2,0,1
"male",22,"Neighbors","No",89707,5,1.813308,2,0,1
"male",54,"Neighbors","No",50717,2,3.635299,4,0,1
"male",46,"Neighbors","No",170854,1,1.509821,2,0,1
"male",62,"Neighbors","Yes",83282,4,3.009802,3,1,1
"female",56,"Neighbors","Yes",81642,2,2.150076,2,1,1
"male",53,"Neighbors","No",140347,2,1.190819,1,0,1
"female",50,"Neighbors","Yes",151849,2,3.755901,4,1,1
"male",,"Neighbors","No",161826,2,1.255318,1,0,1
"female",58,"Neighbors","Yes",41389,3,2.244222,2,1,1
"male",54,"Neighbors","Yes",47120,1,3.104379,3,1,1
"female",20,"Neighbors","No",12233,2,2.797882,3,0,1
"male",48,"Neighbors","No",132642,2,.7709866,1,0,1
"female",49,"Neighbors","Yes",135205,3,.7761166,1,1,1
"male",50,"Neighbors","No",117254,3,1.357684,1,0,1
"male",49,"Neighbors","Yes",168257,2,2.477453,2,1,1
"male",60,"Neighbors","No",53926,2,.3416223,0,0,1
"female",,"Neighbors","No",78474,2,2.46437,2,0,1
"female",22,"Neighbors","Yes",147352,4,3.621723,4,1,1
"male",27,"Neighbors","No",5632,2,1.30731,1,0,1
"female",54,"Neighbors","Yes",15191,2,3.406477,3,1,1
"female",53,"Neighbors","Yes",113923,2,5,5,1,1
"male",49,"Neighbors","No",94602,1,2.670964,3,0,1
".",47,"Neighbors","Yes",102710,2,2.105533,2,1,1
"female",51,"Neighbors","No",51704,1,3.210922,3,0,1
"male",57,"Neighbors","Yes",84470,2,4.5913,5,1,1
"female",55,"Neighbors","No",28485,2,4.206229,4,0,1
"female",39,"Neighbors","No",146429,2,1.643159,2,0,1
"female",,"Neighbors","No",90591,3,2.901905,3,0,1
"male",52,"Neighbors","Yes",27077,2,1.872763,2,1,1
"female",38,"Neighbors","No",119903,2,2.533355,3,0,1
".",52,"Neighbors","No",86512,2,1.960717,2,0,1
"male",64,"Neighbors","No",158779,3,1.989395,2,0,1
"male",65,"Neighbors","No",90513,2,1.865571,2,0,1
".",,"Neighbors","Yes",142173,2,2.873848,3,1,1
".",45,"Neighbors","No",89518,2,3.764089,4,0,1
"male",48,"Neighbors","No",48959,3,1.936836,2,0,1
".",47,"Neighbors","Yes",72661,2,3.659509,4,1,1
"male",21,"Neighbors","No",107236,4,1.008172,1,0,1
".",,"Neighbors","No",89509,2,2.971234,3,0,1
"female",26,"Neighbors","No",106088,5,2.25835,2,0,1
"female",,"Neighbors","No",156418,2,1.325232,1,0,1
"female",56,"Neighbors","No",136817,1,1.795481,2,0,1
"female",55,"Neighbors","No",32144,2,0,0,0,1
"male",41,"Neighbors","Yes",51798,2,3.60211,4,1,1
"male",25,"Neighbors","No",164053,4,2.189327,2,0,1
"male",59,"Neighbors","No",125369,2,2.373442,2,0,1
"female",53,"Neighbors","Yes",104727,1,1.445991,1,1,1
"male",62,"Neighbors","No",41785,4,.553973,1,0,1
"male",50,"Neighbors","No",158841,1,2.052096,2,0,1
"female",57,"Neighbors","Yes",151166,3,3.813355,4,1,1
"female",55,"Neighbors","Yes",108921,5,4.710857,5,1,1
"male",59,"Neighbors","Yes",68941,1,1.947746,2,1,1
".",74,"Neighbors","Yes",113486,1,2.49165,2,1,1
"female",40,"Neighbors","Yes",71512,1,1.281962,1,1,1
"male",58,"Neighbors","Yes",25726,1,1.945356,2,1,1
"female",61,"Neighbors","No",164818,2,2.387673,2,0,1
"female",24,"Neighbors","No",136729,2,.3642594,0,0,1
"female",71,"Neighbors","Yes",75002,2,4.261903,4,1,1
"male",42,"Neighbors","No",71199,1,2.447042,2,0,1
"female",45,"Neighbors","No",80009,2,2.250485,2,0,1
".",47,"Neighbors","No",174895,2,1.86816,2,0,1
"male",44,"Neighbors","No",120885,2,1.45579,1,0,1
"male",77,"Neighbors","No",103391,1,1.136966,1,0,1
"female",79,"Neighbors","No",97643,2,2.847613,3,0,1
".",,"Neighbors","No",613,2,1.05421,1,0,1
".",35,"Neighbors","Yes",20735,1,4.048131,4,1,1
"female",59,"Neighbors","No",38690,2,2.238399,2,0,1
"male",47,"Neighbors","Yes",80426,1,2.964399,3,1,1
"male",81,"Neighbors","No",146924,1,.2494003,0,0,1
"female",50,"Neighbors","No",104019,4,3.063658,3,0,1
"female",42,"Neighbors","No",158308,1,1.624554,2,0,1
"male",41,"Neighbors","Yes",6296,2,4.781987,5,1,1
"male",44,"Neighbors","No",127116,3,2.923466,3,0,1
"male",48,"Neighbors","Yes",129626,2,3.44531,3,1,1
"female",,"Neighbors","Yes",81617,2,1.17701,1,1,1
"female",45,"Neighbors","No",25285,1,.186956,0,0,1
"male",39,"Neighbors","No",52739,1,4.798143,5,0,1
"male",21,"Neighbors","No",94985,4,1.935822,2,0,1
"female",76,"Neighbors","No",57374,1,3.738856,4,0,1
"male",43,"Neighbors","Yes",90687,1,3.559695,4,1,1
"female",49,"Neighbors","Yes",27693,2,2.331679,2,1,1
"female",47,"Neighbors","No",115531,1,2.005805,2,0,1
"male",55,"Neighbors","No",90054,2,.9059806,1,0,1
".",29,"Neighbors","No",50047,2,.0322438,0,0,1
"male",49,"Neighbors","Yes",19247,1,2.49079,2,1,1
"female",42,"Neighbors","No",83840,2,1.660434,2,0,1
"male",51,"Neighbors","No",87216,3,2.694188,3,0,1
"female",35,"Neighbors","No",121828,5,3.066899,3,0,1
"female",,"Neighbors","Yes",76343,2,2.775499,3,1,1
"male",59,"Neighbors","Yes",40002,2,2.235094,2,1,1
"female",61,"Neighbors","No",156528,2,2.990814,3,0,1
"male",,"Neighbors","Yes",7829,2,1.501627,2,1,1
"female",57,"Neighbors","No",49082,2,0,0,0,1
"female",77,"Neighbors","No",168323,2,1.699782,2,0,1
"female",51,"Neighbors","No",86327,1,3.805516,4,0,1
"female",47,"Neighbors","No",164064,2,2.465369,2,0,1
"female",51,"Neighbors","No",282,2,2.355759,2,0,1
"female",53,"Neighbors","No",59804,3,1.331452,1,0,1
"female",65,"Neighbors","Yes",176801,2,3.665153,4,1,1
"male",58,"Neighbors","Yes",150456,2,3.513046,4,1,1
"male",40,"Neighbors","Yes",101613,1,5,5,1,1
"male",48,"Neighbors","No",138773,3,1.466069,1,0,1
"female",43,"Neighbors","No",85123,2,2.638762,3,0,1
".",55,"Neighbors","Yes",48847,1,5,5,1,1
"female",38,"Neighbors","No",53804,1,4.403284,4,0,1
"male",,"Neighbors","No",38279,2,1.648713,2,0,1
"male",62,"Neighbors","No",153181,2,3.480287,3,0,1
"female",51,"Neighbors","No",126376,2,3.711546,4,0,1
"female",42,"Neighbors","No",148694,2,.2076391,0,0,1
"male",47,"Neighbors","Yes",16304,4,4.032438,4,1,1
"male",,"Neighbors","Yes",56392,2,2.856641,3,1,1
"male",55,"Neighbors","No",32988,3,1.220727,1,0,1
"male",23,"Neighbors","No",163809,4,2.134233,2,0,1
"female",67,"Neighbors","No",178574,2,1.568982,2,0,1
"female",67,"Neighbors","No",73778,2,3.391354,3,0,1
"male",60,"Neighbors","No",150487,2,1.017134,1,0,1
"male",68,"Neighbors","Yes",103214,2,2.979945,3,1,1
"female",64,"Neighbors","Yes",101423,2,3.627066,4,1,1
"male",30,"Neighbors","Yes",22410,2,2.969104,3,1,1
"male",38,"Neighbors","Yes",58641,2,3.236961,3,1,1
"male",24,"Neighbors","No",88559,4,1.514866,2,0,1
"female",46,"Neighbors","No",109663,2,1.396227,1,0,1
"female",44,"Neighbors","No",166632,1,2.154576,2,0,1
"female",37,"Neighbors","No",58793,2,3.90252,4,0,1
"female",54,"Neighbors","No",21286,2,1.382829,1,0,1
"male",49,"Neighbors","No",150823,1,1.997814,2,0,1
"female",62,"Neighbors","Yes",46612,1,5,5,1,1
"female",55,"Neighbors","No",129709,2,3.229366,3,0,1
"male",64,"Neighbors","Yes",104998,2,4.505228,5,1,1
"female",45,"Neighbors","No",32561,2,3.26981,3,0,1
"male",47,"Neighbors","No",3969,2,1.481705,1,0,1
"male",29,"Neighbors","No",179783,4,.4516191,0,0,1
"female",24,"Neighbors","No",177890,3,2.720021,3,0,1
"female",53,"Neighbors","Yes",6142,2,2.517644,3,1,1
"female",54,"Neighbors","No",16323,1,.4528364,0,0,1
"female",75,"Neighbors","No",109655,1,2.355869,2,0,1
"female",54,"Neighbors","No",153854,2,1.41218,1,0,1
"female",33,"Neighbors","No",126692,1,1.077846,1,0,1
"female",44,"Neighbors","Yes",39375,2,1.854899,2,1,1
"male",55,"Neighbors","No",37850,3,1.785248,2,0,1
"male",45,"Neighbors","Yes",118912,2,2.109436,2,1,1
"male",57,"Neighbors","No",73223,2,3.297924,3,0,1
"male",58,"Neighbors","No",136683,3,1.68736,2,0,1
".",44,"Neighbors","No",56334,2,.1720251,0,0,1
"female",47,"Neighbors","No",111635,2,2.303657,2,0,1
"female",,"Neighbors","Yes",64858,2,4.695341,5,1,1
"female",22,"Neighbors","No",13906,3,0,0,0,1
"female",62,"Neighbors","Yes",83919,2,4.454032,4,1,1
"male",83,"Neighbors","No",143685,2,3.916469,4,0,1
"male",78,"Neighbors","No",65828,1,2.262982,2,0,1
"male",56,"Neighbors","Yes",103556,2,1.93477,2,1,1
"male",73,"Neighbors","No",146997,2,1.508434,2,0,1
"male",37,"Neighbors","No",93129,2,1.734287,2,0,1
"female",72,"Neighbors","No",67814,2,1.28481,1,0,1
"male",53,"Neighbors","No",114845,3,4.732393,5,0,1
"male",65,"Neighbors","Yes",89913,2,2.269539,2,1,1
"male",44,"Neighbors","No",104663,2,1.944698,2,0,1
"male",53,"Neighbors","Yes",146558,4,4.452657,4,1,1
"female",30,"Neighbors","Yes",135432,2,3.480737,3,1,1
"male",41,"Neighbors","No",144383,2,0,0,0,1
"male",62,"Neighbors","Yes",139070,2,4.576607,5,1,1
"female",53,"Neighbors","Yes",126481,1,3.929973,4,1,1
"female",40,"Neighbors","Yes",128776,2,2.979677,3,1,1
".",61,"Neighbors","No",13823,2,1.210937,1,0,1
".",51,"Neighbors","No",75703,2,2.34621,2,0,1
".",59,"Neighbors","Yes",125536,1,1.448164,1,1,1
"male",20,"Neighbors","No",55641,3,2.050428,2,0,1
"male",26,"Neighbors","No",78142,3,.7269239,1,0,1
"female",49,"Neighbors","Yes",38853,2,5,5,1,1
"male",22,"Neighbors","Yes",138800,4,1.473464,1,1,1
"female",37,"Neighbors","No",91584,2,4.503837,5,0,1
"male",33,"Neighbors","Yes",94725,3,5,5,1,1
"female",55,"Neighbors","Yes",3135,1,5,5,1,1
"male",45,"Neighbors","Yes",10132,2,3.449991,3,1,1
"female",52,"Neighbors","No",56772,2,.8556623,1,0,1
"male",50,"Neighbors","No",152194,2,2.321729,2,0,1
"male",,"Neighbors","Yes",117007,2,5,5,1,1
"male",38,"Neighbors","No",57586,3,3.564056,4,0,1
"male",22,"Neighbors","No",757,3,.05084,0,0,1
"male",53,"Neighbors","Yes",44064,3,2.961643,3,1,1
"female",36,"Neighbors","Yes",107693,2,3.351029,3,1,1
"male",32,"Neighbors","No",81274,2,2.557137,3,0,1
"female",50,"Neighbors","Yes",77326,2,3.240461,3,1,1
"male",23,"Neighbors","No",123230,4,2.502702,3,0,1
"female",36,"Neighbors","No",66967,1,3.820325,4,0,1
"male",49,"Neighbors","No",81821,4,1.883291,2,0,1
"male",,"Neighbors","No",79654,2,.7312451,1,0,1
"male",20,"Neighbors","No",88168,3,0,0,0,1
".",60,"Neighbors","No",148423,2,.8493129,1,0,1
"male",65,"Neighbors","Yes",23026,2,3.312428,3,1,1
"female",44,"Neighbors","Yes",20366,2,1.917368,2,1,1
"male",41,"Neighbors","No",39186,2,2.039555,2,0,1
"male",46,"Neighbors","No",149661,2,4.155029,4,0,1
"male",47,"Neighbors","Yes",30144,2,1.908301,2,1,1
"female",47,"Neighbors","Yes",80119,1,3.433862,3,1,1
".",44,"Neighbors","No",124076,2,2.343294,2,0,1
".",64,"Neighbors","Yes",48420,2,1.723496,2,1,1
"female",65,"Neighbors","No",17752,2,.439928,0,0,1
"female",38,"Neighbors","No",112216,2,2.93293,3,0,1
"female",43,"Neighbors","No",83964,2,.2682981,0,0,1
".",32,"Neighbors","No",10114,2,.5556561,1,0,1
"female",54,"Neighbors","No",178020,3,3.689498,4,0,1
"male",36,"Neighbors","No",87930,2,2.630483,3,0,1
"male",39,"Neighbors","Yes",55385,2,1.842367,2,1,1
"female",37,"Neighbors","No",9323,2,1.712362,2,0,1
".",57,"Neighbors","No",46737,1,1.834747,2,0,1
"female",57,"Neighbors","Yes",171622,2,5,5,1,1
"male",22,"Neighbors","No",76837,3,3.833514,4,0,1
"male",50,"Neighbors","No",48510,2,2.839553,3,0,1
"male",,"Neighbors","Yes",70710,2,3.025911,3,1,1
"male",66,"Neighbors","No",155002,1,.5178292,1,0,1
"female",48,"Neighbors","No",6013,2,2.606342,3,0,1
".",,"Neighbors","No",22777,4,3.355852,3,0,1
"female",83,"Neighbors","Yes",70622,1,2.80157,3,1,1
"female",,"Neighbors","No",38334,3,1.082126,1,0,1
"female",47,"Neighbors","Yes",43726,2,2.860852,3,1,1
"female",,"Neighbors","No",177637,2,2.23896,2,0,1
"male",,"Neighbors","No",46750,3,3.79568,4,0,1
"female",,"Neighbors","No",130990,2,.6666034,1,0,1
"male",48,"Neighbors","No",53685,2,2.513523,3,0,1
"female",74,"Neighbors","Yes",57583,2,2.59217,3,1,1
"female",48,"Neighbors","No",166835,2,2.513686,3,0,1
"female",40,"Neighbors","Yes",112521,2,4.057217,4,1,1
"male",33,"Neighbors","No",151578,2,2.991174,3,0,1
"male",49,"Neighbors","No",31784,2,2.075712,2,0,1
"female",36,"Neighbors","No",74890,2,3.114877,3,0,1
"male",,"Neighbors","No",121729,2,.2884066,0,0,1
"female",77,"Neighbors","Yes",73167,2,5,5,1,1
"female",61,"Neighbors","No",50229,2,1.021349,1,0,1
"female",47,"Neighbors","No",69133,4,3.493881,3,0,1
"male",66,"Neighbors","No",22128,2,1.833556,2,0,1
".",44,"Neighbors","No",31587,2,1.439829,1,0,1
"male",44,"Neighbors","No",132267,1,2.549794,3,0,1
"male",33,"Neighbors","No",43947,2,1.529055,2,0,1
"male",23,"Neighbors","No",31533,2,3.257448,3,0,1
"female",56,"Neighbors","No",59212,3,3.641622,4,0,1
"female",34,"Neighbors","No",96591,2,3.465301,3,0,1
"female",48,"Neighbors","Yes",42592,3,3.224328,3,1,1
"female",81,"Neighbors","Yes",169029,2,5,5,1,1
".",57,"Neighbors","No",18473,2,2.71411,3,0,1
"female",36,"Neighbors","No",68161,3,2.907921,3,0,1
"male",43,"Neighbors","Yes",7421,2,1.767422,2,1,1
"female",,"Neighbors","Yes",80811,3,3.472923,3,1,1
"female",31,"Neighbors","Yes",94425,3,3.790261,4,1,1
"female",44,"Neighbors","Yes",73332,2,3.287577,3,1,1
"female",65,"Neighbors","Yes",95708,2,3.266707,3,1,1
"female",68,"Neighbors","Yes",1593,2,4.084188,4,1,1
"male",40,"Neighbors","No",17647,2,1.188346,1,0,1
"female",38,"Neighbors","Yes",84676,2,2.478289,2,1,1
"male",35,"Neighbors","No",136411,1,2.875653,3,0,1
"male",50,"Neighbors","No",55536,2,.8997751,1,0,1
"female",44,"Neighbors","Yes",162146,4,3.972725,4,1,1
"male",31,"Neighbors","No",41383,3,3.972472,4,0,1
"male",52,"Neighbors","Yes",4954,2,3.681715,4,1,1
"female",46,"Neighbors","No",139604,4,3.175768,3,0,1
"female",47,"Neighbors","No",90842,1,0,0,0,1
"male",,"Neighbors","No",2474,2,1.671879,2,0,1
"female",59,"Neighbors","No",132355,2,.9583767,1,0,1
"female",24,"Neighbors","No",40081,3,3.032908,3,0,1
"male",54,"Neighbors","No",116404,3,1.450776,1,0,1
"female",64,"Neighbors","Yes",134682,2,1.197407,1,1,1
"male",42,"Neighbors","Yes",43707,2,2.167293,2,1,1
"male",,"Neighbors","No",5406,2,2.358983,2,0,1
"male",20,"Neighbors","Yes",32906,3,3.369623,3,1,1
"male",39,"Neighbors","No",36765,1,1.373853,1,0,1
"female",41,"Neighbors","No",99311,1,.4960451,0,0,1
"female",46,"Neighbors","No",145004,2,3.65913,4,0,1
"male",48,"Neighbors","Yes",106923,2,2.240869,2,1,1
"male",50,"Neighbors","No",104352,2,3.12793,3,0,1
"female",66,"Neighbors","No",3040,2,3.980612,4,0,1
"female",71,"Neighbors","No",99289,2,2.058783,2,0,1
"male",48,"Neighbors","No",9388,4,.0347641,0,0,1
"female",20,"Neighbors","No",153525,3,2.085068,2,0,1
"male",25,"Neighbors","Yes",10018,3,5,5,1,1
"female",31,"Neighbors","No",68716,2,.5616906,1,0,1
"female",68,"Neighbors","Yes",107509,2,3.095549,3,1,1
"male",54,"Neighbors","Yes",152820,4,4.543042,5,1,1
"female",78,"Neighbors","Yes",59939,2,3.044195,3,1,1
"female",45,"Neighbors","No",112481,3,.4899849,0,0,1
"male",,"Neighbors","No",52318,2,.3106598,0,0,1
".",46,"Neighbors","No",27678,1,1.785158,2,0,1
"female",61,"Neighbors","No",10821,1,1.249965,1,0,1
"female",65,"Neighbors","No",110829,2,2.244713,2,0,1
"male",47,"Neighbors","Yes",49607,2,1.974332,2,1,1
"male",49,"Neighbors","Yes",158154,2,4.03451,4,1,1
"male",64,"Neighbors","Yes",165905,2,2.751407,3,1,1
"female",31,"Neighbors","No",158592,2,3.196195,3,0,1
"male",54,"Neighbors","No",136705,2,1.675407,2,0,1
"male",,"Neighbors","No",106149,2,2.690079,3,0,1
".",64,"Neighbors","No",61743,2,1.218926,1,0,1
".",66,"Neighbors","No",111332,2,3.589977,4,0,1
"female",56,"Neighbors","Yes",141787,5,5,5,1,1
"male",54,"Neighbors","No",56651,3,2.217875,2,0,1
"male",54,"Neighbors","No",86257,2,1.237088,1,0,1
"male",,"Neighbors","Yes",53410,2,4.785227,5,1,1
"male",45,"Neighbors","No",129456,2,2.943223,3,0,1
"female",58,"Neighbors","Yes",9734,2,3.676394,4,1,1
"female",38,"Neighbors","No",19592,1,.6354778,1,0,1
"male",43,"Neighbors","No",159912,2,3.191485,3,0,1
"female",45,"Neighbors","No",160257,3,3.728591,4,0,1
"female",58,"Neighbors","No",36154,3,1.62084,2,0,1
"female",39,"Neighbors","Yes",128400,2,3.340205,3,1,1
"female",,"Neighbors","No",161966,2,4.990609,5,0,1
"female",30,"Neighbors","Yes",89264,1,2.762128,3,1,1
".",62,"Neighbors","Yes",12097,2,5,5,1,1
"female",68,"Neighbors","No",100852,2,1.749163,2,0,1
"male",59,"Neighbors","No",16386,2,2.304236,2,0,1
"female",57,"Neighbors","No",39555,2,1.87323,2,0,1
".",61,"Neighbors","Yes",18035,2,2.577314,3,1,1
"female",54,"Neighbors","Yes",10548,2,3.267009,3,1,1
"female",47,"Neighbors","No",127676,2,2.392146,2,0,1
"male",,"Neighbors","No",126292,3,1.738156,2,0,1
".",58,"Neighbors","No",108679,1,2.374866,2,0,1
"male",46,"Neighbors","No",55514,2,.6793115,1,0,1
"male",61,"Neighbors","No",165789,3,1.524455,2,0,1
".",70,"Neighbors","No",99769,2,.6169182,1,0,1
"male",55,"Neighbors","Yes",178824,2,1.32442,1,1,1
"female",45,"Neighbors","No",151667,3,1.787402,2,0,1
"male",51,"Neighbors","No",121171,3,2.723881,3,0,1
"male",57,"Neighbors","No",26019,3,.8204499,1,0,1
"female",47,"Neighbors","Yes",18606,2,3.890706,4,1,1
".",21,"Neighbors","No",17200,3,2.632378,3,0,1
"male",38,"Neighbors","No",143593,2,2.131189,2,0,1
"female",49,"Neighbors","No",169566,1,1.377438,1,0,1
"female",51,"Neighbors","No",31436,2,1.604484,2,0,1
"female",37,"Neighbors","No",157117,2,.7380616,1,0,1
"male",48,"Neighbors","No",68345,4,1.230066,1,0,1
"female",54,"Neighbors","No",30579,2,0,0,0,1
"male",,"Neighbors","No",170050,2,4.378742,4,0,1
"female",53,"Neighbors","No",164669,4,.0857628,0,0,1
"female",72,"Neighbors","Yes",58727,1,2.586803,3,1,1
"female",35,"Neighbors","No",69817,2,1.268991,1,0,1
"male",,"Neighbors","No",330,2,2.362719,2,0,1
"female",55,"Neighbors","No",15918,2,1.815522,2,0,1
"male",46,"Neighbors","No",100533,1,2.638296,3,0,1
"male",39,"Neighbors","No",151284,2,1.449644,1,0,1
".",29,"Neighbors","Yes",158571,1,2.375782,2,1,1
"female",79,"Neighbors","Yes",169731,2,2.816565,3,1,1
"female",62,"Neighbors","Yes",88027,3,2.009743,2,1,1
".",46,"Neighbors","No",47773,2,0,0,0,1
"male",42,"Neighbors","Yes",163156,1,2.498367,2,1,1
"male",75,"Neighbors","No",114049,2,3.494933,3,0,1
"female",68,"Neighbors","Yes",78702,2,3.182703,3,1,1
"female",56,"Neighbors","No",168801,1,2.967208,3,0,1
"female",54,"Neighbors","No",55065,2,2.598382,3,0,1
"male",47,"Neighbors","No",171987,2,1.121679,1,0,1
".",40,"Neighbors","Yes",9982,2,4.206492,4,1,1
"female",75,"Neighbors","Yes",67790,2,3.033375,3,1,1
"female",66,"Neighbors","No",119733,2,.6353213,1,0,1
"male",43,"Neighbors","No",108505,2,1.580501,2,0,1
"female",80,"Neighbors","No",133379,5,4.156195,4,0,1
"male",57,"Neighbors","No",21966,2,1.604507,2,0,1
"male",59,"Neighbors","Yes",115263,2,5,5,1,1
"female",45,"Neighbors","No",104379,2,2.526954,3,0,1
"female",65,"Neighbors","Yes",69256,3,1.379244,1,1,1
"male",,"Neighbors","Yes",39943,3,2.051567,2,1,1
"female",51,"Neighbors","No",143335,1,2.623034,3,0,1
"female",51,"Neighbors","No",64924,2,4.111188,4,0,1
"male",40,"Neighbors","No",81401,2,2.716023,3,0,1
"male",35,"Neighbors","Yes",166702,1,1.935585,2,1,1
".",,"Neighbors","Yes",168858,2,2.979096,3,1,1
".",42,"Neighbors","No",109193,2,3.378874,3,0,1
"male",43,"Neighbors","No",57225,2,1.511566,2,0,1
"female",37,"Neighbors","No",61010,2,1.876065,2,0,1
".",52,"Neighbors","Yes",109615,1,2.800534,3,1,1
"female",41,"Neighbors","Yes",71250,2,3.602731,4,1,1
"female",77,"Neighbors","Yes",63837,2,1.033759,1,1,1
"male",62,"Neighbors","No",12933,2,3.104836,3,0,1
"female",57,"Neighbors","Yes",112494,2,.123304,0,1,1
"female",41,"Neighbors","Yes",141659,2,3.227277,3,1,1
"female",,"Neighbors","Yes",40711,2,1.467111,1,1,1
"female",55,"Neighbors","No",53823,1,3.670071,4,0,1
"female",40,"Neighbors","No",61055,2,2.160396,2,0,1
"male",45,"Neighbors","No",76467,2,5,5,0,1
"female",52,"Neighbors","Yes",116587,1,1.28437,1,1,1
"female",,"Neighbors","Yes",104952,2,3.353811,3,1,1
"male",23,"Neighbors","No",10474,4,2.681014,3,0,1
"male",56,"Neighbors","No",60697,1,3.889292,4,0,1
"male",46,"Neighbors","Yes",149912,2,2.471049,2,1,1
"female",63,"Neighbors","No",72370,2,4.005359,4,0,1
"female",52,"Neighbors","Yes",15265,2,5,5,1,1
"male",38,"Neighbors","Yes",149356,2,3.438645,3,1,1
"male",64,"Neighbors","No",113030,2,1.673975,2,0,1
"female",54,"Neighbors","No",91290,2,2.284781,2,0,1
"female",59,"Neighbors","Yes",104998,2,2.499054,2,1,1
"female",86,"Neighbors","No",94499,1,2.300152,2,0,1
"female",48,"Neighbors","No",35766,2,2.092253,2,0,1
"female",21,"Neighbors","No",53013,4,1.79933,2,0,1
"male",25,"Neighbors","No",67769,4,.5376467,1,0,1
"female",37,"Neighbors","Yes",58207,2,2.410508,2,1,1
"male",60,"Neighbors","Yes",108117,2,3.394053,3,1,1
"male",,"Neighbors","Yes",82456,2,2.972465,3,1,1
"female",33,"Neighbors","Yes",29679,2,5,5,1,1
"female",41,"Neighbors","No",5691,1,1.792334,2,0,1
"male",92,"Neighbors","Yes",99471,2,2.595803,3,1,1
"female",65,"Neighbors","No",70229,2,2.231479,2,0,1
"female",40,"Neighbors","No",33626,2,4.918612,5,0,1
"male",24,"Neighbors","No",14339,4,3.828144,4,0,1
"female",50,"Neighbors","No",66595,4,.7527449,1,0,1
"female",55,"Neighbors","Yes",155371,2,1.555945,2,1,1
"female",21,"Neighbors","No",131940,2,2.644778,3,0,1
"male",59,"Neighbors","No",143557,4,1.933389,2,0,1
"female",,"Neighbors","Yes",14305,3,1.090635,1,1,1
"female",49,"Neighbors","Yes",130576,2,1.553593,2,1,1
".",42,"Neighbors","No",113944,2,3.636264,4,0,1
"female",,"Neighbors","No",81979,2,1.749348,2,0,1
"male",52,"Neighbors","Yes",14278,4,3.20832,3,1,1
"male",59,"Neighbors","No",151030,2,3.386122,3,0,1
"male",,"Neighbors","Yes",25793,2,3.971043,4,1,1
"male",28,"Neighbors","No",13837,4,2.624104,3,0,1
"male",47,"Neighbors","No",116493,2,3.364876,3,0,1
"female",49,"Neighbors","No",65205,3,2.951308,3,0,1
".",35,"Neighbors","Yes",41994,2,2.868156,3,1,1
"male",44,"Neighbors","No",48095,2,3.000168,3,0,1
"female",51,"Neighbors","No",71275,3,.6736181,1,0,1
"male",56,"Neighbors","Yes",118749,1,1.536838,2,1,1
".",39,"Neighbors","No",18202,2,2.911841,3,0,1
"male",61,"Neighbors","Yes",94634,1,1.302457,1,1,1
"female",51,"Neighbors","No",123604,4,1.388327,1,0,1
".",52,"Neighbors","Yes",22748,3,1.064576,1,1,1
"female",62,"Neighbors","Yes",172296,2,3.579347,4,1,1
"female",33,"Neighbors","No",162404,1,2.538512,3,0,1
"male",,"Neighbors","No",154287,2,1.064891,1,0,1
"female",20,"Neighbors","Yes",109284,3,3.238765,3,1,1
"female",37,"Neighbors","No",97387,2,1.009354,1,0,1
"female",58,"Neighbors","Yes",68428,2,2.922043,3,1,1
"female",42,"Neighbors","Yes",116103,2,2.765476,3,1,1
"female",53,"Neighbors","No",3994,2,2.348643,2,0,1
"male",59,"Neighbors","No",101207,4,.6810745,1,0,1
"male",31,"Neighbors","No",4987,3,1.575104,2,0,1
"male",34,"Neighbors","No",132034,2,3.126089,3,0,1
".",42,"Neighbors","No",116782,2,1.042613,1,0,1
"male",69,"Neighbors","No",141302,2,1.071871,1,0,1
"male",52,"Neighbors","No",15719,2,1.359199,1,0,1
".",37,"Neighbors","No",87606,3,2.477473,2,0,1
"male",57,"Neighbors","No",125815,2,1.908836,2,0,1
"female",27,"Neighbors","No",25162,3,2.208481,2,0,1
".",45,"Neighbors","No",175330,3,0,0,0,1
"male",44,"Neighbors","No",178417,1,0,0,0,1
"male",51,"Neighbors","Yes",109100,3,4.466893,4,1,1
"male",,"Neighbors","No",145079,2,2.390327,2,0,1
"male",29,"Neighbors","No",54711,4,.9204138,1,0,1
"female",75,"Neighbors","No",169720,2,1.301528,1,0,1
"male",76,"Neighbors","No",86479,2,2.721033,3,0,1
"female",58,"Neighbors","Yes",71334,2,3.987417,4,1,1
".",88,"Neighbors","Yes",66734,2,2.073488,2,1,1
".",39,"Neighbors","No",34319,2,1.086277,1,0,1
"female",49,"Neighbors","Yes",150998,2,2.638212,3,1,1
"female",32,"Neighbors","Yes",45841,1,2.596325,3,1,1
"male",50,"Neighbors","Yes",152922,2,2.399049,2,1,1
